Acceleration,Velocity,Orientation,Obstacle,GPS
"[0.038221955, -0.011636376, 0.010043144]","[8.27231, -3.8124354, 1.4980733]","[0.0, -0.0, -0.4161468365471424, 0.9092974268256817]",,
"[-0.01672247, -0.020747125, 0.031794548]","[8.273224, -3.8102689, 1.4996331]","[0.0, -0.0, -0.4161468365471424, 0.9092974268256817]",,
"[0.032554895, 0.005570948, -0.011892319]","[8.27396, -3.8084793, 1.5031271]","[0.0, -0.0, -0.4161468365471424, 0.9092974268256817]",,
"[0.030470133, -0.029839337, -0.007964134]","[8.28076, -3.7927608, 1.5018896]","[0.0, -0.0, -0.4161468365471424, 0.9092974268256817]",,
"[-0.0034590662, -0.017479718, 0.010735512]","[8.28189, -3.7900634, 1.5049807]","[0.0, -0.0, -0.4161468365471424, 0.9092974268256817]",,
"[-0.017325133, -0.010736525, -0.0025138855]","[8.28104, -3.7921288, 1.5031188]","[0.0, -0.0, -0.4161468365471424, 0.9092974268256817]",,
"[0.014009833, -0.0035945177, 0.014750481]","[8.2807, -3.7929158, 1.5010986]","[0.0, -0.0, -0.4161468365471424, 0.9092974268256817]",,
"[0.018628508, -0.031206131, 0.022823334]","[8.282715, -3.7882764, 1.501146]","[0.0, -0.0, -0.4161468365471424, 0.9092974268256817]",,
"[-0.000852257, 0.071018994, 0.018961906]","[8.28314, -3.7872617, 1.5043985]","[0.0, -0.0, -0.4161468365471424, 0.9092974268256817]",,
"[0.014555454, 0.007396102, -0.024909973]","[8.283936, -3.7856028, 1.498068]","[0.0, -0.0, -0.4161468365471424, 0.9092974268256817]",,
"[0.00888145, -0.003966689, -0.027294159]","[8.285706, -3.7813234, 1.5035545]","[0.0, -0.0, -0.4161468365471424, 0.9092974268256817]",,
"[-0.024626255, 0.0027724504, 0.013479233]","[8.27826, -3.7984838, 1.5053575]","[0.0, -0.0, -0.4161468365471424, 0.9092974268256817]",,
"[0.003735721, 0.014879823, -0.03652191]","[8.27939, -3.7958524, 1.5055898]","[0.0, -0.0, -0.4161468365471424, 0.9092974268256817]",,
"[0.01287964, 0.029031575, 0.0124082565]","[8.27194, -3.8129475, 1.5085031]","[0.0, -0.0, -0.4161468365471424, 0.9092974268256817]",,
"[0.010427266, -0.008677602, 0.019249916]","[8.27927, -3.7960334, 1.5080688]","[0.0, -0.0, -0.4161468365471424, 0.9092974268256817]",,
"[-0.0012257993, 0.005218625, -0.005050659]","[8.27225, -3.8123243, 1.5066414]","[0.0, -0.0, -0.4161468365471424, 0.9092974268256817]",,
"[0.021123618, 0.007234633, -0.03523159]","[8.270935, -3.8150573, 1.5156689]","[0.0, -0.0, -0.4161468365471424, 0.9092974268256817]",,
"[0.02782327, -0.015784562, 0.00092315674]","[8.27246, -3.8115067, 1.5176848]","[0.0, -0.0, -0.4161468365471424, 0.9092974268256817]",,
"[0.026130319, -0.0015217662, -0.015572548]","[8.27927, -3.7958739, 1.5136952]","[0.0, -0.0, -0.4161468365471424, 0.9092974268256817]",,
"[0.01676768, 0.03751743, -0.009454727]","[8.27478, -3.8061864, 1.5138034]","[0.0, -0.0, -0.4161468365471424, 0.9092974268256817]",,
"[-0.0070497394, -0.010113418, -0.017159462]","[8.28162, -3.7904522, 1.5133214]","[0.0, -0.0, -0.4161468365471424, 0.9092974268256817]",,
"[-0.037470534, 0.0067293644, -0.0043764114]","[8.27554, -3.8045542, 1.5106806]","[0.0, -0.0, -0.4161468365471424, 0.9092974268256817]",,
"[0.024415493, -0.0074430704, -0.008993149]","[8.28183, -3.7900455, 1.5102866]","[0.0, -0.0, -0.4161468365471424, 0.9092974268256817]",,
"[0.0012797415, 0.028404891, 0.004712105]","[8.28281, -3.7879443, 1.5065225]","[0.0, -0.0, -0.4161468365471424, 0.9092974268256817]",,
"[0.015539706, -0.01298207, 0.011332512]","[8.280396, -3.7940218, 1.4911028]","[0.0, -0.0, -0.4161468365471424, 0.9092974268256817]",,
"[0.0037719607, -0.0018799305, 0.03487301]","[8.27823, -3.798517, 1.5061089]","[0.0, -0.0, -0.4161468365471424, 0.9092974268256817]",,
"[0.00032922626, -0.026823103, -0.017670631]","[8.281555, -3.7910542, 1.4983039]","[0.0, -0.0, -0.4161468365471424, 0.9092974268256817]",,
"[0.05627927, 0.0024768114, -0.005607605]","[8.27048, -3.8164403, 1.504607]","[0.0, -0.0, -0.4161468365471424, 0.9092974268256817]",,
"[-0.017155558, -0.021389961, -0.01346302]","[8.27722, -3.8009033, 1.5035526]","[0.0, -0.0, -0.4161468365471424, 0.9092974268256817]",,
"[-0.009903878, 0.016557634, -0.018450737]","[8.26425, -3.8308735, 1.5027429]","[0.0, -0.0, -0.4161468365471424, 0.9092974268256817]",,
"[-0.044414103, -0.02254796, -0.015651703]","[8.2742, -3.8081446, 1.4955654]","[0.0, -0.0, -0.4161468365471424, 0.9092974268256817]",,
"[-0.005247593, 0.027717829, 0.058511734]","[8.26224, -3.835507, 1.5037508]","[0.0, -0.0, -0.4161468365471424, 0.9092974268256817]",,
"[0.020045072, 0.019290209, -0.04165554]","[8.25937, -3.842463, 1.4939122]","[0.0, -0.0, -0.4161468365471424, 0.9092974268256817]",,
"[-0.015890718, -0.03949207, 0.01874733]","[8.26776, -3.8230836, 1.4947708]","[0.0, -0.0, -0.4161468365471424, 0.9092974268256817]",,
"[0.012922108, 0.0068739653, 0.0017595291]","[8.26422, -3.8312137, 1.4943186]","[0.0, -0.0, -0.4161468365471424, 0.9092974268256817]",,
"[-0.0023599267, -0.022393286, -0.008029938]","[8.26218, -3.8362172, 1.4856727]","[0.0, -0.0, -0.4161468365471424, 0.9092974268256817]",,
"[0.025258929, -0.02169156, 0.009473801]","[8.26349, -3.8330228, 1.4910678]","[0.0, -0.0, -0.4161468365471424, 0.9092974268256817]",,
"[0.00084614754, -0.007475853, -0.010373116]","[8.26996, -3.8179011, 1.4951729]","[0.0, -0.0, -0.4161468365471424, 0.9092974268256817]",,
"[0.006893426, -0.020790398, 0.004470825]","[8.26611, -3.8266597, 1.5019675]","[0.0, -0.0, -0.4161468365471424, 0.9092974268256817]",,
"[-0.011377305, -0.0076848865, 0.011074066]","[8.27527, -3.8056679, 1.4966911]","[0.0, -0.0, -0.4161468365471424, 0.9092974268256817]",,
"[-0.054734424, -0.042382777, 0.031705856]","[8.27826, -3.7986033, 1.5004386]","[0.0, -0.0, -0.4161468365471424, 0.9092974268256817]",,
"[0.02122435, 0.006625235, -0.00068569183]","[8.26828, -3.8216186, 1.5008667]","[0.0, -0.0, -0.4161468365471424, 0.9092974268256817]",,
"[-0.06084998, 0.09915203, 0.012669563]","[88.27728, -3.801096, 1.4945956]","[0.0, -0.0, -0.4161468365471424, 0.9092974268256817]",,
"[0.006302446, 0.0496943, -0.11587143]","[8.3295, -3.6774662, 1.5921172]","[0.0, -0.0, -0.4161468365471424, 0.9092974268256817]",,
"[-0.05610241, -0.14220035, 0.007472992]","[88.3562, -3.6157374, 1.5954101]","[0.0, -0.0, -0.4161468365471424, 0.9092974268256817]",,
"[-0.011425972, 0.04815346, 0.0058717728]","[8.315735, -3.7104473, 1.5535069]","[0.0, -0.0, -0.4161468365471424, 0.9092974268256817]",,
"[0.07030669, 0.007945299, -0.046230316]","[88.29605, -3.75604, 1.5477097]","[0.0, -0.0, -0.4161468365471424, 0.9092974268256817]",,
"[0.0048751235, -0.009001672, 0.03374195]","[8.31424, -3.713798, 1.5569525]","[0.0, -0.0, -0.4161468365471424, 0.9092974268256817]",,
"[0.063477576, 0.045397162, -0.09056568]","[88.29608, -3.7559924, 1.5459493]","[0.0, -0.0, -0.4161468365471424, 0.9092974268256817]",,
"[-0.010562748, 0.0024860501, -0.0035886765]","[8.36731, -3.5898395, 1.6058906]","[0.0, -0.0, -0.4161468365471424, 0.9092974268256817]",,
"[0.029916137, 0.07602072, -0.06485748]","[8.38226, -3.5557475, 1.5922389]","[0.0, -0.0, -0.4161468365471424, 0.9092974268256817]",,
"[0.010342866, -0.008472502, -0.043115616]","[8.27338, -3.809611, 1.5097399]","[0.0, -0.0, -0.4161468365471424, 0.9092974268256817]",,
"[0.022537917, -0.00035011768, 0.012793541]","[8.26886, -3.8201418, 1.5066808]","[0.0, -0.0, -0.4161468365471424, 0.9092974268256817]",,
"[0.006291449, -0.01051259, -0.019501686]","[8.27405, -3.8081822, 1.5049334]","[0.0, -0.0, -0.4161468365471424, 0.9092974268256817]",,
"[0.018453866, 0.023871064, -0.033226013]","[8.27103, -3.8151944, 1.5039209]","[0.0, -0.0, -0.4161468365471424, 0.9092974268256817]",,
"[-0.027588293, -0.05414313, 0.025734901]","[8.27911, -3.796456, 1.5072522]","[0.0, -0.0, -0.4161468365471424, 0.9092974268256817]",,
"[-0.004251927, 0.011455119, 0.008189201]","[8.27057, -3.8160045, 1.5113198]","[0.0, -0.0, -0.4161468365471424, 0.9092974268256817]",,
"[0.00930056, -0.017082036, 0.00019454956]","[8.25665, -3.848035, 1.5156491]","[0.0, -0.0, -0.4161468365471424, 0.9092974268256817]",,
"[0.008675337, 0.018638372, 0.03229332]","[8.26987, -3.817367, 1.5196061]","[0.0, -0.0, -0.4161468365471424, 0.9092974268256817]",,
"[-0.008744657, 0.022202253, 0.0018959045]","[8.253235, -3.8556485, 1.5235434]","[0.0, -0.0, -0.4161468365471424, 0.9092974268256817]",,
"[0.013238758, -0.03067106, 0.0067863464]","[8.264465, -3.8298335, 1.52137]","[0.0, -0.0, -0.4161468365471424, 0.9092974268256817]",,
"[0.0062155724, -0.02820307, 0.007631302]","[8.258606, -3.8434017, 1.5199693]","[0.0, -0.0, -0.4161468365471424, 0.9092974268256817]",,
"[-0.01935865, 0.019611299, 0.014278412]","[8.25308, -3.8557963, 1.531028]","[0.0, -0.0, -0.4161468365471424, 0.9092974268256817]",,
"[-0.00011211634, 0.006903112, -0.0050411224]","[8.25119, -3.8606064, 1.5163096]","[0.0, -0.0, -0.4161468365471424, 0.9092974268256817]",,
"[0.011647463, -0.036614895, 0.013384819]","[8.25452, -3.8529186, 1.5163245]","[0.0, -0.0, -0.4161468365471424, 0.9092974268256817]",,
"[-0.058395684, -0.07291716, 0.04925537]","[8.27185, -3.8122303, 1.5379338]","[0.0, -0.0, -0.4161468365471424, 0.9092974268256817]",,
"[0.044364452, 0.037751675, -0.005443573]","[8.26996, -3.817126, 1.5196421]","[0.0, -0.0, -0.4161468365471424, 0.9092974268256817]",,
"[0.012892485, -0.019002497, -0.006500244]","[8.26459, -3.8298097, 1.5107164]","[0.0, -0.0, -0.4161468365471424, 0.9092974268256817]",,
"[-0.026805252, 0.0069743395, -0.0072984695]","[8.25757, -3.8458211, 1.5184923]","[0.0, -0.0, -0.4161468365471424, 0.9092974268256817]",,
"[0.03724584, -0.04095006, 0.022806168]","[8.25635, -3.8485842, 1.5191755]","[0.0, -0.0, -0.4161468365471424, 0.9092974268256817]",,
"[-0.036247656, 0.03786534, 0.023867607]","[8.25781, -3.8452466, 1.518093]","[0.0, -0.0, -0.4161468365471424, 0.9092974268256817]",,
"[0.009098649, -0.018933892, 0.019532204]","[8.263885, -3.831281, 1.5166059]","[0.0, -0.0, -0.4161468365471424, 0.9092974268256817]",,
"[0.0063894093, -0.0057010055, -0.004839897]","[8.2677, -3.8223767, 1.5188311]","[0.0, -0.0, -0.4161468365471424, 0.9092974268256817]",,
"[-0.0058813393, 0.009643912, 0.007358551]","[8.27045, -3.8160276, 1.5215341]","[0.0, -0.0, -0.4161468365471424, 0.9092974268256817]",,
"[-0.020606339, 0.00062662363, -0.00038909912]","[8.27817, -3.7985132, 1.5098271]","[0.0, -0.0, -0.4161468365471424, 0.9092974268256817]",,
"[-0.010948867, 0.0141816735, -0.017071724]","[8.27667, -3.8020234, 1.5088904]","[0.0, -0.0, -0.4161468365471424, 0.9092974268256817]",,
"[0.017267227, 0.028642118, -0.01305294]","[8.27133, -3.8142915, 1.5101738]","[0.0, -0.0, -0.4161468365471424, 0.9092974268256817]",,
"[-0.007836401, -0.027789176, 0.0057048798]","[8.26538, -3.8277824, 1.5180947]","[0.0, -0.0, -0.4161468365471424, 0.9092974268256817]",,
"[0.001224041, -0.020757318, 0.01047802]","[8.26614, -3.8263419, 1.5076407]","[0.0, -0.0, -0.4161468365471424, 0.9092974268256817]",,
"[-0.035429344, -0.025163054, 0.012640953]","[8.26633, -3.8257358, 1.5133691]","[0.0, -0.0, -0.4161468365471424, 0.9092974268256817]",,
"[-0.014063984, 0.0053723454, 0.02229023]","[8.27191, -3.8128378, 1.5125847]","[0.0, -0.0, -0.4161468365471424, 0.9092974268256817]",,
"[0.06847796, -0.03199047, -0.004020691]","[8.27341, -3.8092504, 1.5176444]","[0.0, -0.0, -0.4161468365471424, 0.9092974268256817]",,
"[0.009748131, 0.006277323, -0.03470993]","[8.268555, -3.8206692, 1.5131086]","[0.0, -0.0, -0.4161468365471424, 0.9092974268256817]",,
"[-0.0008870959, -0.012035549, 0.016336441]","[8.26367, -3.831615, 1.5210527]","[0.0, -0.0, -0.4161468365471424, 0.9092974268256817]",,
"[-0.0072121024, 0.007676959, 0.0152282715]","[8.259094, -3.842414, 1.5154849]","[0.0, -0.0, -0.4161468365471424, 0.9092974268256817]",,
"[-0.013773322, -0.026826799, 0.0005970001]","[8.255554, -3.8506138, 1.5128238]","[0.0, -0.0, -0.4161468365471424, 0.9092974268256817]",,
"[-0.00045073032, 0.0014263988, 0.003186226]","[8.261475, -3.8368442, 1.5176392]","[0.0, -0.0, -0.4161468365471424, 0.9092974268256817]",,
"[0.02513069, -0.004566908, -0.010890007]","[8.257385, -3.8461287, 1.5208993]","[0.0, -0.0, -0.4161468365471424, 0.9092974268256817]",,
"[0.021922737, 0.01613611, 0.01973629]","[8.256744, -3.847499, 1.5247636]","[0.0, -0.0, -0.4161468365471424, 0.9092974268256817]",,
"[0.017352462, -0.018770933, 0.017264366]","[8.25156, -3.8594873, 1.5243877]","[0.0, -0.0, -0.4161468365471424, 0.9092974268256817]",,
"[0.026559472, -0.012584031, -0.008579254]","[8.25598, -3.8492384, 1.5259179]","[0.0, -0.0, -0.4161468365471424, 0.9092974268256817]",,
"[0.012678534, 0.028752446, 0.0063581467]","[8.25156, -3.8594875, 1.5244081]","[0.0, -0.0, -0.4161468365471424, 0.9092974268256817]",,
"[-0.021929592, -0.01370734, 0.018249512]","[8.25879, -3.8430111, 1.5174105]","[0.0, -0.0, -0.4161468365471424, 0.9092974268256817]",,
"[0.01577282, -0.01501441, -0.023137093]","[8.262085, -3.8353543, 1.519999]","[0.0, -0.0, -0.4161468365471424, 0.9092974268256817]",,
"[-0.08046484, 0.045139074, 0.0012550354]","[8.25693, -3.8470051, 1.5266806]","[0.0, -0.0, -0.4161468365471424, 0.9092974268256817]",,
"[0.14822531, -0.12966865, 0.009155273]","[8.29251, -3.7632635, 1.5770895]","[0.0, -0.0, -0.4161468365471424, 0.9092974268256817]",,
"[0.044682562, -0.050162554, -0.021327019]","[8.3725, -3.5775595, 1.6157795]","[0.0, -0.0, -0.4161468365471424, 0.9092974268256817]",,
"[-0.013119757, 0.050368488, 0.024762154]","[8.34912, -3.6313324, 1.6211877]","[0.0, -0.0, -0.4161468365471424, 0.9092974268256817]",,
,,,"[False, False, False]",
"[0.0077400208, 0.020845056, 0.009688377]","[8.365326, -3.5938747, 1.6241286]","[0.0, -0.0, -0.4161468365471424, 0.9092974268256817]",,
,,,"[False, False, False]",
,,,"[False, False, False]",
,,,,"[5.149629880573918e-14, 2.9704035324031844e-10]"
"[-0.030824155, -0.06869167, 0.21913815]","[8.36658, -3.590826, 1.6276777]","[0.0, -0.0, -0.4161468365471424, 0.9092974268256817]",,
,,,"[False, False, False]",
,,,"[False, False, False]",
"[0.008222073, -0.037302554, -0.0015697479]","[8.368805, -3.585516, 1.6351737]","[0.0, -0.0, -0.4161468365471424, 0.9092974268256817]",,
,,,"[False, False, False]",
,,,"[False, False, False]",
"[-0.021384597, -0.03542584, 0.058395386]","[8.367584, -3.5880985, 1.6423758]","[0.0, -0.0, -0.4161468365471424, 0.9092974268256817]",,
,,,"[False, False, False]",
,,,"[False, False, False]",
"[-0.0064349174, -0.0061041117, -0.013427734]","[8.35748, -3.6115363, 1.637224]","[0.0, -0.0, -0.4161468365471424, 0.9092974268256817]",,
,,,"[False, False, False]",
"[0.021991432, 0.0040290356, -0.012620926]","[8.358826, -3.6084077, 1.6378242]","[0.0, -0.0, -0.4161468365471424, 0.9092974268256817]",,
,,,"[False, False, False]",
,,,"[False, True, False]",
,,,,"[1.621130645984855e-11, 5.946062020715949e-09]"
,,,"[True, True, True]",
,,,"[True, False, False]",
"[-0.0013197362, -0.016848922, 0.023618698]","[8.34796, -3.6335638, 1.6354693]","[0.0, -0.0, -0.4161468365471424, 0.9092974268256817]",,
,,,"[False, False, False]",
,,,"[False, False, False]",
"[-0.0022093058, 0.02335167, 0.002869606]","[8.35333, -3.6214206, 1.626122]","[0.0, -0.0, -0.4161468365471424, 0.9092974268256817]",,
,,,"[False, False, False]",
,,,"[False, False, False]",
"[-0.027766183, -0.04325807, 0.09332466]","[8.360596, -3.6048334, 1.6212493]","[0.0, -0.0, -0.4161468365471424, 0.9092974268256817]",,
,,,"[False, False, False]",
"[0.006045103, -0.08540034, -0.0067415237]","[8.38098, -3.557919, 1.6188793]","[0.0, -0.0, -0.4161468365471424, 0.9092974268256817]",,
,,,"[False, False, False]",
"[0.023558557, 0.066783726, -0.01630497]","[8.34186, -3.6473868, 1.6429493]","[0.0, -0.0, -0.4161468365471424, 0.9092974268256817]",,
,,,"[False, False, False]",
"[0.06641245, -0.1185056, -0.009674072]","[8.3866, -3.5442286, 1.6443136]","[0.0, -0.0, -0.4161468365471424, 0.9092974268256817]",,
,,,"[False, False, False]",
"[0.05646485, 0.04429066, -0.03334999]","[8.34177, -3.6483147, 1.6189722]","[0.0, -0.0, -0.4161468365471424, 0.9092974268256817]",,
,,,"[False, False, False]",
,,,,"[-2.6815367032412108e-11, -6.653291669119078e-09]"
,,,"[False, False, False]",
"[-0.040387496, -0.024203897, -0.0030565262]","[8.29761, -3.7516108, 1.5745437]","[0.0, -0.0, -0.4161468365471424, 0.9092974268256817]",,
,,,"[False, False, False]",
"[0.026921213, 0.00075775385, 0.012814522]","[8.29706, -3.7535155, 1.552689]","[0.0, -0.0, -0.4161468365471424, 0.9092974268256817]",,
"[0.021627396, 0.021529496, -0.0092868805]","[8.27539, -3.8034348, 1.5554686]","[0.0, -0.0, -0.4161468365471424, 0.9092974268256817]",,
,,,"[False, False, False]",
"[0.024658471, -0.034261048, 0.03786564]","[8.28558, -3.7800999, 1.551878]","[0.0, -0.0, -0.4161468365471424, 0.9092974268256817]",,
,,,"[False, False, False]",
"[-0.05042489, -0.018508136, 0.062285423]","[8.27673, -3.8002596, 1.5602338]","[0.0, -0.0, -0.4161468365471424, 0.9092974268256817]",,
,,,"[False, False, False]",
"[0.0013064742, -0.12070835, 0.11590004]","[8.27576, -3.8023074, 1.564136]","[0.0, -0.0, -0.4161468365471424, 0.9092974268256817]",,
"[0.04318413, 0.0018535256, -0.035586357]","[8.29318, -3.7629097, 1.5399599]","[0.0, -0.0, -0.4161468365471424, 0.9092974268256817]",,
,,,"[False, False, False]",
"[-0.023364678, 0.02618748, -0.017050743]","[8.28763, -3.7752278, 1.5551945]","[0.0, -0.0, -0.4161468365471424, 0.9092974268256817]",,
,,,"[False, False, False]",
"[-0.013897151, -0.0074822307, 0.028452873]","[8.29886, -3.7493157, 1.5558107]","[0.0, -0.0, -0.4161468365471424, 0.9092974268256817]",,
"[7.7962875e-05, 0.016973138, 0.04486561]","[8.294586, -3.7591734, 1.5558859]","[0.0, -0.0, -0.4161468365471424, 0.9092974268256817]",,
"[0.050743043, -0.06512469, -0.0061388016]","[8.309204, -3.7255669, 1.5520335]","[0.0, -0.0, -0.4161468365471424, 0.9092974268256817]",,
,,,"[False, False, False]",
,,,"[False, False, False]",
"[0.06560758, -0.12067109, 0.11427212]","[8.30664, -3.731591, 1.547662]","[0.0, -0.0, -0.4161468365471424, 0.9092974268256817]",,
,,,"[False, False, False]",
,,,,"[-2.6815237052426224e-11, -6.653414326712481e-09]"
,,,"[False, False, False]",
"[0.0749006, 0.051059723, 0.043302536]","[8.31293, -3.716582, 1.5630425]","[0.0, -0.0, -0.4161468365471424, 0.9092974268256817]",,
,,,"[False, False, False]",
"[0.13697127, -0.08250654, 0.01085186]","[8.42651, -3.454794, 1.5540178]","[0.0, -0.0, -0.4161468365471424, 0.9092974268256817]",,
,,,"[False, False, False]",
"[-0.03483805, 0.09765285, -0.033276558]","[8.305695, -3.7331245, 1.5685217]","[0.0, -0.0, -0.4161468365471424, 0.9092974268256817]",,
"[-0.028463006, 0.12490231, -0.2006092]","[8.34259, -3.649233, 1.5289412]","[0.0, -0.0, -0.4161468365471424, 0.9092974268256817]",,
,,,"[False, False, False]",
"[0.034800112, 0.008423269, 0.035550117]","[8.30267, -3.7407188, 1.548466]","[0.0, -0.0, -0.4161468365471424, 0.9092974268256817]",,
"[0.2109442, -0.106230676, 0.19911575]","[8.32709, -3.6848602, 1.5337503]","[0.0, -0.0, -0.4161468365471424, 0.9092974268256817]",,
,,,"[False, False, False]",
,,,"[False, False, False]",
"[-0.10370694, -1.2896818, 0.1097002]","[8.335175, -3.544066, 1.4167818]","[0.0, -0.0, -0.4161468365471424, 0.9092974268256817]",,
"[0.07435514, -0.5167605, 0.060077667]","[8.720764, -3.297595, 1.3673623]","[0.0, -0.0, -0.4161468365471424, 0.9092974268256817]",,
,,,"[False, False, False]",
"[-0.012327671, -0.07647562, 0.018735886]","[9.04169, -3.4447982, 1.4063487]","[0.0, -0.0, -0.4161468365471424, 0.9092974268256817]",,
,,,"[False, False, False]",
"[0.040313944, 0.06006533, 0.03728199]","[9.45398, -3.4339275, 1.3889784]","[0.0, -0.0, -0.4161468365471424, 0.9092974268256817]",,
"[0.047624633, 0.16290778, -0.1027832]","[9.456665, -3.4276497, 1.3900205]","[0.0, -0.0, -0.4161468365471424, 0.9092974268256817]",,
,,,"[False, False, False]",
"[-0.097431496, -0.098186076, -0.075063705]","[9.46265, -3.4141984, 1.3603768]","[0.0, -0.0, -0.4161468365471424, 0.9092974268256817]",,
,,,"[False, False, False]",
,,,,"[-2.6815238237804715e-11, -6.653414403709963e-09]"
"[0.05049129, 0.049041927, 0.027676582]","[9.47629, -3.3825493, 1.3702307]","[0.0, -0.0, -0.4161468365471424, 0.9092974268256817]",,
,,,"[False, False, False]",
"[-0.01847905, -0.07063916, -0.01013279]","[9.5083, -3.3086298, 1.3714573]","[0.0, -0.0, -0.4161468365471424, 0.9092974268256817]",,
"[0.09007914, 0.27824062, -0.02016735]","[9.54291, -3.2288606, 1.3591202]","[0.0, -0.0, -0.4161468365471424, 0.9092974268256817]",,
,,,"[False, False, False]",
"[0.006148234, -0.028824389, 0.0053901672]","[9.51135, -3.3014987, 1.3790274]","[0.0, -0.0, -0.4161468365471424, 0.9092974268256817]",,
,,,"[False, False, False]",
"[0.64347774, -0.6643806, -0.48998165]","[8.77768, -3.2169378, -0.34923998]","[0.0, -0.0, -0.4161468365471424, 0.9092974268256817]",,
,,,"[False, False, False]",
"[0.068663836, 0.11886901, -0.031985283]","[8.56976, -3.3459914, -0.4292647]","[0.0, -0.0, -0.4161468365471424, 0.9092974268256817]",,
"[0.0063745454, 0.041603506, 0.06922531]","[8.45828, -3.3791735, -0.44198275]","[0.0, -0.0, -0.4161468365471424, 0.9092974268256817]",,
,,,"[False, False, False]",
"[0.04004633, 0.036186516, -0.0002975464]","[8.44418, -3.3577404, -0.4452142]","[0.0, -0.0, -0.4161468365471424, 0.9092974268256817]",,
,,,"[False, False, False]",
"[0.021656983, -0.006364405, -0.05933094]","[8.39984, -3.3742867, -0.44929954]","[0.0, -0.0, -0.4161468365471424, 0.9092974268256817]",,
"[0.0011815503, 0.01747638, -0.042197227]","[8.40613, -3.3604898, -0.44189954]","[0.0, -0.0, -0.4161468365471424, 0.9092974268256817]",,
,,,"[False, False, False]",
"[0.018314674, 0.022579134, -0.005900383]","[8.40643, -3.359551, -0.43080962]","[0.0, -0.0, -0.4161468365471424, 0.9092974268256817]",,
"[0.010229688, -0.00263381, 0.008582115]","[8.41632, -3.337937, -0.42512783]","[0.0, -0.0, -0.4161468365471424, 0.9092974268256817]",,
"[-0.00736326, 0.004298389, 0.018968582]","[8.41556, -3.3393972, -0.41851473]","[0.0, -0.0, -0.4161468365471424, 0.9092974268256817]",,
,,,"[False, False, False]",
"[0.0211584, -0.0047773123, -0.036501884]","[8.40927, -3.3530385, -0.41958264]","[0.0, -0.0, -0.4161468365471424, 0.9092974268256817]",,
"[-0.04636243, 0.0032396913, -0.028035164]","[8.412964, -3.3448546, -0.41303045]","[0.0, -0.0, -0.4161468365471424, 0.9092974268256817]",,
,,,"[False, False, False]",
"[-0.017649464, -0.025291502, -0.00829792]","[8.39072, -3.392712, -0.39996362]","[0.0, -0.0, -0.4161468365471424, 0.9092974268256817]",,
,,,,"[-2.68152401000399e-11, -6.653414480701689e-09]"
,,,"[False, False, False]",
"[0.020855255, -0.03205782, 0.0055599213]","[8.40698, -3.35761, -0.40383005]","[0.0, -0.0, -0.4161468365471424, 0.9092974268256817]",,
"[0.015570428, -0.005443871, -0.009444237]","[8.387024, -3.4007208, -0.40036294]","[0.0, -0.0, -0.4161468365471424, 0.9092974268256817]",,
,,,"[False, False, False]",
,,,"[False, False, False]",
"[0.010730188, 0.01843983, -0.0050230026]","[8.39462, -3.384194, -0.3995378]","[0.0, -0.0, -0.4161468365471424, 0.9092974268256817]",,
"[-0.0039300174, -0.009848237, -0.0068502426]","[8.3876, -3.399349, -0.39711446]","[0.0, -0.0, -0.4161468365471424, 0.9092974268256817]",,
,,,"[False, False, False]",
,,,"[False, False, False]",
"[0.017299045, 0.016022086, -0.035157204]","[8.394226, -3.385017, -0.39623162]","[0.0, -0.0, -0.4161468365471424, 0.9092974268256817]",,
,,,"[False, False, False]",
"[0.00982428, 0.00788039, 0.019540787]","[8.391235, -3.3913686, -0.39451665]","[0.0, -0.0, -0.4161468365471424, 0.9092974268256817]",,
,,,"[False, False, False]",
"[-0.0014384761, 0.011963367, -0.004099846]","[8.39578, -3.3812675, -0.3836846]","[0.0, -0.0, -0.4161468365471424, 0.9092974268256817]",,
,,,"[False, False, False]",
"[0.013466541, 0.010182142, -0.007701874]","[8.390625, -3.3925622, -0.38732025]","[0.0, -0.0, -0.4161468365471424, 0.9092974268256817]",,
"[0.017564818, -0.0001630187, -0.0036478043]","[8.39502, -3.3829033, -0.3846294]","[0.0, -0.0, -0.4161468365471424, 0.9092974268256817]",,
"[0.019424666, 0.001331687, -0.01536274]","[8.39255, -3.3881974, -0.3812404]","[0.0, -0.0, -0.4161468365471424, 0.9092974268256817]",,
,,,"[False, False, False]",
,,,"[False, False, False]",
"[-0.009302586, 0.0055812597, -0.0031404495]","[8.39789, -3.3765643, -0.37936994]","[0.0, -0.0, -0.4161468365471424, 0.9092974268256817]",,
"[0.006548561, 0.08169323, -0.035009384]","[8.39169, -3.3903043, -0.38984984]","[0.0, -0.0, -0.4161468365471424, 0.9092974268256817]",,
,,,,"[-2.6815241943026624e-11, -6.653414557694111e-09]"
,,,"[False, False, False]",
,,,"[False, False, False]",
"[0.0073100366, 0.029564738, -0.012251854]","[8.38461, -3.4053452, -0.37965906]","[0.0, -0.0, -0.4161468365471424, 0.9092974268256817]",,
,,,"[False, False, False]",
,,,"[False, False, False]",
"[0.0016101934, -0.015237093, -0.018627167]","[8.38547, -3.4033217, -0.3743619]","[0.0, -0.0, -0.4161468365471424, 0.9092974268256817]",,
"[-0.013582036, -0.008943021, 0.004753113]","[8.3826, -3.4093611, -0.3684474]","[0.0, -0.0, -0.4161468365471424, 0.9092974268256817]",,
,,,"[False, False, False]",
,,,"[False, False, False]",
"[-0.008026712, -0.039110303, 0.008477211]","[8.391266, -3.3903203, -0.3581421]","[0.0, -0.0, -0.4161468365471424, 0.9092974268256817]",,
,,,"[False, False, False]",
"[0.013616156, 0.026990592, -0.0041618347]","[8.384094, -3.4063356, -0.3737651]","[0.0, -0.0, -0.4161468365471424, 0.9092974268256817]",,
"[0.044209093, -0.010281384, 0.022685051]","[8.391846, -3.389921, -0.387465]","[0.0, -0.0, -0.4161468365471424, 0.9092974268256817]",,
,,,"[False, False, False]",
"[0.01290467, 0.027011514, -0.053325653]","[8.40314, -3.365011, -0.37052435]","[0.0, -0.0, -0.4161468365471424, 0.9092974268256817]",,
,,,"[False, False, False]",
"[0.04303989, -0.015416026, 0.013665199]","[8.4245, -3.318991, -0.3805833]","[0.0, -0.0, -0.4161468365471424, 0.9092974268256817]",,
"[0.04501044, 0.024395525, -0.010381699]","[8.416016, -3.3373375, -0.37815318]","[0.0, -0.0, -0.4161468365471424, 0.9092974268256817]",,
,,,"[False, False, False]",
,,,,"[-2.6815243765554705e-11, -6.653414634679606e-09]"
"[0.029003471, -0.0025928617, 0.013295174]","[8.42752, -3.3121202, -0.36699522]","[0.0, -0.0, -0.4161468365471424, 0.9092974268256817]",,
,,,"[False, False, False]",
"[-0.00010209903, -0.017384589, -0.034283638]","[8.41223, -3.3450682, -0.36341354]","[0.0, -0.0, -0.4161468365471424, 0.9092974268256817]",,
,,,"[False, False, False]",
,,,"[False, False, False]",
"[0.021729946, 0.007987976, 0.020768166]","[8.423645, -3.320868, -0.3808688]","[0.0, -0.0, -0.4161468365471424, 0.9092974268256817]",,
"[0.0022630803, 0.037182927, -0.02419281]","[8.41849, -3.3315682, -0.36337724]","[0.0, -0.0, -0.4161468365471424, 0.9092974268256817]",,
,,,"[False, False, False]",
,,,"[False, False, False]",
"[0.023791905, 0.03889191, -0.0004081726]","[8.42346, -3.3208055, -0.3645764]","[0.0, -0.0, -0.4161468365471424, 0.9092974268256817]",,
"[0.028524686, -0.05303383, 0.03996277]","[8.42572, -3.3159096, -0.3641458]","[0.0, -0.0, -0.4161468365471424, 0.9092974268256817]",,
,,,"[False, False, False]",
,,,"[False, False, False]",
"[0.0021284483, -0.09907076, 0.01895523]","[8.42209, -3.324153, -0.376723]","[0.0, -0.0, -0.4161468365471424, 0.9092974268256817]",,
,,,"[False, False, False]",
"[0.011866923, -0.05488223, -0.0356102]","[8.42853, -3.3102741, -0.37868977]","[0.0, -0.0, -0.4161468365471424, 0.9092974268256817]",,
,,,"[False, False, False]",
,,,"[False, False, False]",
,,,,"[-2.6815245588905107e-11, -6.653414711659005e-09]"
"[-0.04448326, -0.0023668408, 0.0031766891]","[8.40839, -3.353641, -0.37072968]","[0.0, -0.0, -0.4161468365471424, 0.9092974268256817]",,
,,,"[False, False, False]",
,,,"[False, False, False]",
"[0.0046854764, -0.07286191, -0.034568787]","[8.41681, -3.3352284, -0.3636414]","[0.0, -0.0, -0.4161468365471424, 0.9092974268256817]",,
"[-0.06262652, -0.011644006, 0.030415535]","[8.41568, -3.3380296, -0.3767965]","[0.0, -0.0, -0.4161468365471424, 0.9092974268256817]",,
,,,"[False, False, False]",
"[0.010771982, -0.007993102, 0.0030031204]","[8.39862, -3.3751569, -0.38579953]","[0.0, -0.0, -0.4161468365471424, 0.9092974268256817]",,
,,,"[False, False, False]",
"[0.008320335, -0.02014047, 0.02545166]","[8.39856, -3.3753028, -0.3853705]","[0.0, -0.0, -0.4161468365471424, 0.9092974268256817]",,
,,,"[False, False, False]",
"[0.0048371293, 0.015382409, -0.034113884]","[8.39172, -3.390325, -0.392908]","[0.0, -0.0, -0.4161468365471424, 0.9092974268256817]",,
,,,"[False, False, False]",
"[0.01488984, 0.00055903196, 0.023490906]","[8.396484, -3.3801048, -0.39682606]","[0.0, -0.0, -0.4161468365471424, 0.9092974268256817]",,
,,,"[False, False, False]",
"[0.014521901, 0.0056847334, -0.001291275]","[8.397644, -3.377513, -0.3943247]","[0.0, -0.0, -0.4161468365471424, 0.9092974268256817]",,
,,,"[False, False, False]",
,,,"[False, False, False]",
"[-0.0027970597, 0.02564174, -0.0087451935]","[8.40097, -3.37021, -0.39047202]","[0.0, -0.0, -0.4161468365471424, 0.9092974268256817]",,
"[0.0046052597, -0.0015250444, 0.015527725]","[8.397644, -3.3774624, -0.39186364]","[0.0, -0.0, -0.4161468365471424, 0.9092974268256817]",,
,,,"[False, False, False]",
"[-0.011086762, -0.008714378, -0.030003548]","[8.39746, -3.3780057, -0.3967792]","[0.0, -0.0, -0.4161468365471424, 0.9092974268256817]",,
,,,,"[-2.6815247400194566e-11, -6.653414788629304e-09]"
,,,"[False, False, False]",
"[0.036465243, 0.0019937158, -0.0039987564]","[8.40039, -3.3717074, -0.3985665]","[0.0, -0.0, -0.4161468365471424, 0.9092974268256817]",,
,,,"[False, False, False]",
,,,"[False, False, False]",
"[-0.02767323, -0.008846402, -0.021403313]","[8.4032, -3.3655756, -0.39730436]","[0.0, -0.0, -0.4161468365471424, 0.9092974268256817]",,
,,,"[False, False, False]",
"[-0.004812263, 0.020845652, -0.008779526]","[8.40625, -3.3588533, -0.39289808]","[0.0, -0.0, -0.4161468365471424, 0.9092974268256817]",,
,,,"[False, False, False]",
"[0.011309922, 0.0059565306, 0.005760193]","[8.4046, -3.3623626, -0.38931036]","[0.0, -0.0, -0.4161468365471424, 0.9092974268256817]",,
,,,"[False, False, False]",
,,,"[False, False, False]",
"[-0.0067146197, -0.09756327, -0.03575802]","[8.420166, -3.3283637, -0.38006887]","[0.0, -0.0, -0.4161468365471424, 0.9092974268256817]",,
,,,"[False, False, False]",
"[-0.010353833, 0.020058334, -0.031002998]","[8.41922, -3.3306544, -0.38754925]","[0.0, -0.0, -0.4161468365471424, 0.9092974268256817]",,
,,,"[False, False, False]",
"[-0.00645981, -0.038772106, 0.03446579]","[8.405334, -3.36093, -0.39638445]","[0.0, -0.0, -0.4161468365471424, 0.9092974268256817]",,
,,,"[False, False, False]",
"[0.011469774, -0.004666388, 0.010897636]","[8.41522, -3.3393824, -0.39091483]","[0.0, -0.0, -0.4161468365471424, 0.9092974268256817]",,
,,,,"[-2.6815249196141136e-11, -6.653414865596618e-09]"
,,,"[False, False, False]",
"[-0.0052216053, -0.018921435, -0.010972977]","[8.4079, -3.355187, -0.38954726]","[0.0, -0.0, -0.4161468365471424, 0.9092974268256817]",,
,,,"[False, False, False]",
"[0.016459953, 0.0073828697, 0.017102242]","[8.41571, -3.3383465, -0.39170918]","[0.0, -0.0, -0.4161468365471424, 0.9092974268256817]",,
,,,"[False, False, False]",
"[-0.00025113672, 0.010925651, -0.021300316]","[8.41159, -3.347229, -0.3911823]","[0.0, -0.0, -0.4161468365471424, 0.9092974268256817]",,
,,,"[False, False, False]",
"[0.002218753, 0.0029664636, -0.0012617111]","[8.4176, -3.334231, -0.39106506]","[0.0, -0.0, -0.4161468365471424, 0.9092974268256817]",,
,,,"[False, False, False]",
"[0.03391369, 0.0026539564, 0.0041513443]","[8.4021, -3.367921, -0.39654863]","[0.0, -0.0, -0.4161468365471424, 0.9092974268256817]",,
,,,"[False, False, False]",
"[0.019013032, -0.011092007, -0.022536278]","[8.41049, -3.349675, -0.3923548]","[0.0, -0.0, -0.4161468365471424, 0.9092974268256817]",,
"[0.005863074, -0.033441246, -0.021450996]","[8.408295, -3.3545916, -0.3989841]","[0.0, -0.0, -0.4161468365471424, 0.9092974268256817]",,
,,,"[False, False, False]",
"[0.018488295, -0.024906099, -0.009814262]","[8.4057, -3.3599544, -0.38985246]","[0.0, -0.0, -0.4161468365471424, 0.9092974268256817]",,
,,,"[False, False, False]",
"[0.0043081306, -0.0064757466, 0.0009365082]","[8.397, -3.3788407, -0.3906542]","[0.0, -0.0, -0.4161468365471424, 0.9092974268256817]",,
,,,"[False, False, False]",
,,,"[False, False, False]",
,,,,"[-2.6815250974525253e-11, -6.6534149425577626e-09]"
"[-0.0027554259, 0.027815044, -0.010290146]","[8.392914, -3.3876626, -0.39072958]","[0.0, -0.0, -0.4161468365471424, 0.9092974268256817]",,
,,,"[False, False, False]",
"[-0.008993529, -0.022968411, 0.0005464554]","[8.404175, -3.3634646, -0.39571828]","[0.0, -0.0, -0.4161468365471424, 0.9092974268256817]",,
,,,"[False, False, False]",
"[0.041178703, 0.0003350973, -0.0020475388]","[8.395874, -3.381417, -0.39772865]","[0.0, -0.0, -0.4161468365471424, 0.9092974268256817]",,
"[-0.009200521, -0.023842096, 0.0318985]","[8.4014, -3.3694339, -0.39480802]","[0.0, -0.0, -0.4161468365471424, 0.9092974268256817]",,
,,,"[False, False, False]",
"[0.010055829, 0.053402543, 0.010910988]","[8.39804, -3.3767114, -0.3959455]","[0.0, -0.0, -0.4161468365471424, 0.9092974268256817]",,
,,,"[False, False, False]",
"[-0.010545157, -0.061647713, -0.004061699]","[8.40988, -3.3508744, -0.38733602]","[0.0, -0.0, -0.4161468365471424, 0.9092974268256817]",,
"[-0.0008827001, 0.06883633, 0.0019273758]","[8.40219, -3.367506, -0.38739124]","[0.0, -0.0, -0.4161468365471424, 0.9092974268256817]",,
,,,"[False, False, False]",
,,,"[False, False, False]",
"[-0.021482512, -0.009823501, 0.002333641]","[8.40045, -3.3713753, -0.39205152]","[0.0, -0.0, -0.4161468365471424, 0.9092974268256817]",,
"[0.019613609, -0.015411556, -0.043011665]","[8.41159, -3.3474262, -0.39657897]","[0.0, -0.0, -0.4161468365471424, 0.9092974268256817]",,
,,,"[False, False, False]",
,,,"[False, False, False]",
"[-0.0036328286, -0.030424893, -0.023848534]","[8.423065, -3.322628, -0.39922246]","[0.0, -0.0, -0.4161468365471424, 0.9092974268256817]",,
,,,"[False, False, False]",
"[-0.012146071, 0.022296727, 0.0054512024]","[8.41745, -3.3345907, -0.3907255]","[0.0, -0.0, -0.4161468365471424, 0.9092974268256817]",,
"[-0.004609041, -0.003678143, -0.012158394]","[8.424866, -3.318598, -0.3937096]","[0.0, -0.0, -0.4161468365471424, 0.9092974268256817]",,
,,,"[False, False, False]",
,,,,"[-2.6815252714073635e-11, -6.6534150195246835e-09]"
,,,"[False, False, False]",
,,,"[False, False, False]",
"[0.026915837, -0.044653714, -0.0027990341]","[8.423004, -3.3226779, -0.39720678]","[0.0, -0.0, -0.4161468365471424, 0.9092974268256817]",,
,,,"[False, False, False]",
"[0.0037495121, 0.024443626, -0.02639103]","[8.41708, -3.3356216, -0.4004275]","[0.0, -0.0, -0.4161468365471424, 0.9092974268256817]",,
,,,"[False, False, False]",
"[0.008169629, 0.009661853, 0.027258873]","[8.42163, -3.3257322, -0.39884233]","[0.0, -0.0, -0.4161468365471424, 0.9092974268256817]",,
,,,"[False, False, False]",
"[-0.020180747, 0.049213827, -0.01216507]","[8.42114, -3.326832, -0.3999802]","[0.0, -0.0, -0.4161468365471424, 0.9092974268256817]",,
,,,"[False, False, False]",
"[0.013652146, 0.02961433, -0.047644615]","[8.40463, -3.3626328, -0.40278995]","[0.0, -0.0, -0.4161468365471424, 0.9092974268256817]",,
,,,"[False, False, False]",
,,,"[False, False, False]",
"[0.013641059, 0.025419831, 0.017329216]","[8.39993, -3.3728166, -0.40307587]","[0.0, -0.0, -0.4161468365471424, 0.9092974268256817]",,
,,,"[False, False, False]",
,,,,"[-2.6815254424492797e-11, -6.653415096493372e-09]"
,,,"[False, False, False]",
"[0.020309202, -0.007297218, 0.0051345825]","[8.40839, -3.3544571, -0.40003517]","[0.0, -0.0, -0.4161468365471424, 0.9092974268256817]",,
,,,"[False, False, False]",
,,,"[False, False, False]",
"[-0.021045797, 0.011888921, 0.0009717941]","[8.40161, -3.3689234, -0.39425832]","[0.0, -0.0, -0.4161468365471424, 0.9092974268256817]",,
,,,"[False, False, False]",
,,,"[False, False, False]",
"[0.016539264, -0.018259645, 0.0022096634]","[8.41696, -3.3356247, -0.39171898]","[0.0, -0.0, -0.4161468365471424, 0.9092974268256817]",,
"[-0.035507984, -0.0002706647, -0.021780014]","[8.42786, -3.3121347, -0.39324066]","[0.0, -0.0, -0.4161468365471424, 0.9092974268256817]",,
,,,"[False, False, False]",
"[-0.033709787, -0.12295601, 0.002216339]","[8.44574, -3.273391, -0.39190054]","[0.0, -0.0, -0.4161468365471424, 0.9092974268256817]",,
"[0.101490706, -0.005327165, 0.01679802]","[8.420044, -3.3288646, -0.38892913]","[0.0, -0.0, -0.4161468365471424, 0.9092974268256817]",,
,,,"[False, False, False]",
"[-0.04188241, -0.06318313, -0.015262604]","[8.43057, -3.3063505, -0.3981424]","[0.0, -0.0, -0.4161468365471424, 0.9092974268256817]",,
,,,"[False, False, False]",
,,,"[False, False, False]",
"[-0.0012439564, -0.0103238225, 0.01433754]","[8.42636, -3.315543, -0.3997084]","[0.0, -0.0, -0.4161468365471424, 0.9092974268256817]",,
"[-0.0107210055, -0.020448148, 0.014143944]","[8.43118, -3.3050675, -0.3994926]","[0.0, -0.0, -0.4161468365471424, 0.9092974268256817]",,
,,,"[False, False, False]",
"[0.008689612, 0.028373837, -0.019871712]","[8.421234, -3.3266866, -0.40163037]","[0.0, -0.0, -0.4161468365471424, 0.9092974268256817]",,
,,,,"[-2.6815256116002525e-11, -6.653415173458959e-09]"
,,,"[False, False, False]",
,,,"[False, False, False]",
"[-0.008064084, -0.008323967, -0.0028085709]","[8.42505, -3.318431, -0.40153593]","[0.0, -0.0, -0.4161468365471424, 0.9092974268256817]",,
,,,"[False, False, False]",
"[0.029265642, -0.021565616, 0.03515339]","[8.42706, -3.3139224, -0.39719108]","[0.0, -0.0, -0.4161468365471424, 0.9092974268256817]",,
,,,"[False, False, False]",
,,,"[False, False, False]",
"[0.026704926, 0.00066512823, 0.010180473]","[8.43027, -3.3069258, -0.39540985]","[0.0, -0.0, -0.4161468365471424, 0.9092974268256817]",,
,,,"[False, False, False]",
,,,"[False, False, False]",
"[0.017418291, -0.008144915, -0.009865761]","[8.41879, -3.3318157, -0.39677384]","[0.0, -0.0, -0.4161468365471424, 0.9092974268256817]",,
,,,"[False, False, False]",
"[0.030465685, -0.017966151, 0.0051002502]","[8.41791, -3.3339627, -0.40436092]","[0.0, -0.0, -0.4161468365471424, 0.9092974268256817]",,
"[0.010539096, -0.010184765, 0.028201103]","[8.41321, -3.3439672, -0.39912456]","[0.0, -0.0, -0.4161468365471424, 0.9092974268256817]",,
,,,"[False, False, False]",
"[0.012169316, -0.006395161, 0.03398323]","[8.41034, -3.3500419, -0.39472666]","[0.0, -0.0, -0.4161468365471424, 0.9092974268256817]",,
,,,"[False, False, False]",
,,,,"[-2.6815257791246222e-11, -6.653415250421809e-09]"
,,,"[False, False, False]",
"[0.016238417, -0.025946498, -0.004242897]","[8.40854, -3.3538315, -0.39063713]","[0.0, -0.0, -0.4161468365471424, 0.9092974268256817]",,
,,,"[False, False, False]",
"[0.004214283, 0.010034323, 0.014886856]","[8.409424, -3.3518786, -0.38960886]","[0.0, -0.0, -0.4161468365471424, 0.9092974268256817]",,
"[-0.007655032, 0.00058460236, -0.0006942749]","[8.409424, -3.3518572, -0.38959402]","[0.0, -0.0, -0.4161468365471424, 0.9092974268256817]",,
,,,"[False, False, False]",
"[-0.026349626, -0.0052326918, 0.027480125]","[8.41382, -3.3424275, -0.39112318]","[0.0, -0.0, -0.4161468365471424, 0.9092974268256817]",,
,,,"[False, False, False]",
"[0.0095417015, 0.04101926, -0.003364563]","[8.403015, -3.3658834, -0.39295906]","[0.0, -0.0, -0.4161468365471424, 0.9092974268256817]",,
,,,"[False, False, False]",
,,,"[False, False, False]",
"[-0.014137119, -0.013842344, -0.002538681]","[8.40936, -3.3521595, -0.39313072]","[0.0, -0.0, -0.4161468365471424, 0.9092974268256817]",,
,,,"[False, False, False]",
"[0.012326941, 0.013033032, 0.01710701]","[8.411316, -3.3479552, -0.39607668]","[0.0, -0.0, -0.4161468365471424, 0.9092974268256817]",,
,,,"[False, False, False]",
"[0.024956703, 0.010946214, -0.0060482025]","[8.42499, -3.3184693, -0.39896953]","[0.0, -0.0, -0.4161468365471424, 0.9092974268256817]",,
,,,"[False, False, False]",
"[-0.028721921, -0.013844967, 0.007809639]","[8.422485, -3.3236973, -0.391751]","[0.0, -0.0, -0.4161468365471424, 0.9092974268256817]",,
,,,"[False, False, False]",
,,,,"[5.262731368738076e-06, -3.40103281477694e-05]"
,,,"[False, False, False]",
,,,"[False, False, False]",
"[0.0040141307, -0.0069456697, 0.0014009476]","[8.4339, -3.298936, -0.38797703]","[0.0, -0.0, -0.4161468365471424, 0.9092974268256817]",,
"[0.001427047, 0.014277399, -0.03195858]","[8.43378, -3.2991693, -0.38646963]","[0.0, -0.0, -0.4161468365471424, 0.9092974268256817]",,
,,,"[False, False, False]",
"[0.05107622, -0.045452774, -0.07931423]","[8.4393, -3.287131, -0.38535604]","[0.0, -0.0, -0.4161468365471424, 0.9092974268256817]",,
,,,"[False, False, False]",
"[-0.04380627, 0.019378185, 0.0030488968]","[8.436646, -3.2928967, -0.3868292]","[0.0, -0.0, -0.4161468365471424, 0.9092974268256817]",,
,,,"[False, False, False]",
,,,"[False, False, False]",
"[-0.009300277, -0.057279587, 0.03641987]","[8.4267, -3.3142393, -0.3791284]","[0.0, -0.0, -0.4161468365471424, 0.9092974268256817]",,
,,,"[False, False, False]",
,,,"[False, False, False]",
,,,"[False, False, False]",
"[0.013314057, 0.0570426, 0.00081157684]","[8.427734, -3.3121753, -0.38682273]","[0.0, -0.0, -0.4161468365471424, 0.9092974268256817]",,
,,,"[False, False, False]",
,,,,"[5.262731368736424e-06, -3.401032814784646e-05]"
,,,"[False, False, False]",
"[0.005340293, -0.009226024, 0.017858505]","[8.43411, -3.2982569, -0.38210538]","[0.0, -0.0, -0.4161468365471424, 0.9092974268256817]",,
"[0.025573824, 0.026327789, -0.024454117]","[8.44116, -3.2832248, -0.38946724]","[0.0, -0.0, -0.4161468365471424, 0.9092974268256817]",,
,,,"[False, False, False]",
,,,"[False, False, False]",
"[0.003993865, -0.021967888, -0.0016021729]","[8.445496, -3.2737708, -0.3884954]","[0.0, -0.0, -0.4161468365471424, 0.9092974268256817]",,
"[-0.0014281869, -0.047653437, 0.022432327]","[88.45331, -3.2567847, -0.3832963]","[0.0, -0.0, -0.4161468365471424, 0.9092974268256817]",,
,,,"[False, False, False]",
"[0.0040641725, 0.045708776, 0.00344944]","[8.45035, -3.2637076, -0.40364048]","[0.0, -0.0, -0.4161468365471424, 0.9092974268256817]",,
"[0.06498993, 0.047643125, -0.057468414]","[8.44086, -3.2841055, -0.39743963]","[0.0, -0.0, -0.4161468365471424, 0.9092974268256817]",,
"[-0.010722905, -0.021254718, 0.024440765]","[8.461395, -3.23972, -0.4001971]","[0.0, -0.0, -0.4161468365471424, 0.9092974268256817]",,
,,,"[True, True, False]",
,,,"[True, True, False]",
"[0.032581206, -0.01213181, -0.009375572]","[8.44672, -3.2715623, -0.40281093]","[0.0, -0.0, -0.4161468365471424, 0.9092974268256817]",,
"[0.03370515, -0.06737256, 0.0061531067]","[88.457886, -3.247145, -0.394372]","[0.0, -0.0, -0.4161468365471424, 0.9092974268256817]",,
,,,"[True, True, False]",
,,,"[True, True, False]",
,,,"[True, True, False]",
,,,"[True, True, False]",
,,,,"[5.262731368734788e-06, -3.401032814792357e-05]"
,,,"[True, True, False]",
,,,"[True, True, False]",
,,,"[True, True, False]",
,,,"[True, True, False]",
,,,"[True, True, False]",
,,,"[True, True, False]",
,,,"[True, True, False]",
,,,"[True, True, False]",
,,,"[True, True, False]",
,,,"[True, True, False]",
"[0.002290614, -0.039757848, -0.028787613]","[88.429504, -3.308462, -0.39162332]","[0.0, -0.0, -0.4161468365471424, 0.9092974268256817]",,
,,,,"[5.26273136873317e-06, -3.401032814800068e-05]"
,,,"[True, True, False]",
,,,"[True, True, False]",
,,,"[True, True, False]",
,,,"[True, True, False]",
,,,"[True, True, False]",
,,,"[True, True, False]",
,,,"[True, True, False]",
,,,"[True, True, False]",
,,,"[True, True, False]",
,,,,"[5.262731368731594e-06, -3.401032814807781e-05]"
,,,"[True, True, False]",
,,,"[True, True, False]",
,,,"[True, True, False]",
,,,"[True, True, False]",
,,,"[True, True, False]",
,,,"[True, True, False]",
,,,"[True, True, False]",
,,,"[True, True, False]",
,,,"[True, True, False]",
,,,"[True, True, False]",
,,,"[True, True, False]",
"[-5.9381127e-06, 0.02295971, 0.009153366]","[8.40634, -3.358658, -0.39269873]","[0.0, -0.0, -0.4161468365471424, 0.9092974268256817]",,
,,,,"[5.262731368730024e-06, -3.401032814815494e-05]"
"[0.0024255887, -0.053863168, -0.017000198]","[8.40384, -3.3640504, -0.3927428]","[0.0, -0.0, -0.4161468365471424, 0.9092974268256817]",,
"[0.0056283325, 0.020224333, 0.023324013]","[8.391785, -3.389935, -0.38410014]","[0.0, -0.0, -0.4161468365471424, 0.9092974268256817]",,
,,,"[True, True, True]",
"[0.010679796, 0.04316461, -0.028190613]","[8.38928, -3.3953474, -0.38563004]","[0.0, -0.0, -0.4161468365471424, 0.9092974268256817]",,
"[0.0054755434, -0.07618493, 0.009660721]","[8.393524, -3.3860965, -0.38232064]","[0.0, -0.0, -0.4161468365471424, 0.9092974268256817]",,
,,,"[True, True, True]",
"[-0.0016718954, -0.0296188, 0.0046596527]","[8.398224, -3.375976, -0.38279828]","[0.0, -0.0, -0.4161468365471424, 0.9092974268256817]",,
,,,"[True, True, True]",
,,,"[True, True, True]",
,,,"[True, True, True]",
,,,"[True, True, True]",
"[0.019663721, -0.03585553, -0.038599014]","[88.40744, -3.3563874, -0.39634785]","[0.0, -0.0, -0.4161468365471424, 0.9092974268256817]",,
"[0.01499125, 0.010761261, -0.0075950623]","[8.39844, -3.3758678, -0.39683086]","[0.0, -0.0, -0.4161468365471424, 0.9092974268256817]",,
,,,"[True, True, True]",
"[0.03138865, -0.022593796, -0.057723045]","[8.405, -3.3616297, -0.39543065]","[0.0, -0.0, -0.4161468365471424, 0.9092974268256817]",,
"[0.033831302, 0.0054507256, -0.018069267]","[8.39682, -3.3793821, -0.39621422]","[0.0, -0.0, -0.4161468365471424, 0.9092974268256817]",,
,,,"[True, True, True]",
"[0.0010460466, 0.036129773, -0.04634571]","[8.39621, -3.3803654, -0.38456306]","[0.0, -0.0, -0.4161468365471424, 0.9092974268256817]",,
"[-0.0011077672, -0.03225088, 0.00057411194]","[8.39078, -3.3921683, -0.3855503]","[0.0, -0.0, -0.4161468365471424, 0.9092974268256817]",,
,,,"[True, True, True]",
"[-0.015621692, 0.037848294, 0.037064552]","[8.388, -3.3981836, -0.38528553]","[0.0, -0.0, -0.4161468365471424, 0.9092974268256817]",,
"[0.00277536, -0.01676035, -0.0480299]","[8.39444, -3.384125, -0.38091433]","[0.0, -0.0, -0.4161468365471424, 0.9092974268256817]",,
,,,"[True, True, True]",
,,,,"[5.26273136872846e-06, -3.401032814823205e-05]"
"[0.032023866, -0.03650105, -0.02379036]","[8.39252, -3.388356, -0.38515478]","[0.0, -0.0, -0.4161468365471424, 0.9092974268256817]",,
,,,"[True, True, True]",
"[-0.011316426, -0.04847485, 0.031544685]","[8.391846, -3.3900962, -0.39581925]","[0.0, -0.0, -0.4161468365471424, 0.9092974268256817]",,
"[0.08755823, 0.0041387677, -0.011890411]","[8.39188, -3.389909, -0.3907316]","[0.0, -0.0, -0.4161468365471424, 0.9092974268256817]",,
,,,"[True, True, True]",
"[-0.0070420206, 0.031210363, 0.06462574]","[8.38983, -3.3940327, -0.3787847]","[0.0, -0.0, -0.4161468365471424, 0.9092974268256817]",,
,,,"[True, True, True]",
"[-0.0074677095, -0.03174615, -0.0039167404]","[8.37332, -3.4296916, -0.37728468]","[0.0, -0.0, -0.4161468365471424, 0.9092974268256817]",,
,,,"[True, True, True]",
"[-0.023744829, -0.02103287, -0.033290863]","[8.390076, -3.3934262, -0.37807286]","[0.0, -0.0, -0.4161468365471424, 0.9092974268256817]",,
"[5.786121e-05, -0.02430731, 0.0035381317]","[8.37381, -3.4286745, -0.37894392]","[0.0, -0.0, -0.4161468365471424, 0.9092974268256817]",,
,,,"[True, True, True]",
"[0.019547757, 0.016647458, 0.017178535]","[8.38248, -3.4100175, -0.38216057]","[0.0, -0.0, -0.4161468365471424, 0.9092974268256817]",,
,,,"[True, True, True]",
"[0.024020988, -0.011597633, -0.024656296]","[8.369385, -3.4383018, -0.37936395]","[0.0, -0.0, -0.4161468365471424, 0.9092974268256817]",,
,,,"[True, True, True]",
"[0.01800105, -0.02481395, -0.027797699]","[8.37842, -3.4189267, -0.3870828]","[0.0, -0.0, -0.4161468365471424, 0.9092974268256817]",,
"[-0.01280196, 0.053903937, -0.03992176]","[8.39969, -3.3733075, -0.40171093]","[0.0, -0.0, -0.4161468365471424, 0.9092974268256817]",,
"[0.054619495, -0.035073638, 0.00909996]","[8.40802, -3.355075, -0.39304858]","[0.0, -0.0, -0.4161468365471424, 0.9092974268256817]",,
,,,"[True, True, True]",
,,,"[True, True, True]",
"[0.031039786, 0.008851409, 0.002084732]","[8.40466, -3.3623095, -0.3944201]","[0.0, -0.0, -0.4161468365471424, 0.9092974268256817]",,
,,,"[True, True, True]",
,,,,"[5.262731368726929e-06, -3.4010328148309166e-05]"
"[-0.14349142, 0.3928991, 0.26739693]","[8.41608, -3.3382745, -0.4190142]","[0.0, -0.0, -0.4161468365471424, 0.9092974268256817]",,
"[-0.49001127, 0.037846327, -0.2809887]","[8.456665, -2.968865, -0.34740943]","[0.0, -0.0, -0.4161468365471424, 0.9092974268256817]",,
,,,"[True, True, True]",
"[-0.08657046, 0.09755421, -0.23045063]","[8.44882, -2.9898002, -0.3593903]","[0.0, -0.0, -0.4161468365471424, 0.9092974268256817]",,
"[-0.0027169585, -0.26347262, 0.06362343]","[8.37741, -2.9783056, -0.36154416]","[0.0, -0.0, -0.4161468365471424, 0.9092974268256817]",,
,,,"[True, True, True]",
"[-0.0021132454, 0.069799304, -0.016586304]","[8.34094, -2.9177618, -0.36693352]","[0.0, -0.0, -0.4161468365471424, 0.9092974268256817]",,
,,,"[True, True, True]",
"[0.0076782294, -0.0312441, -0.022263527]","[8.32297, -3.0057168, -0.35338864]","[0.0, -0.0, -0.4161468365471424, 0.9092974268256817]",,
,,,"[True, True, True]",
"[0.059804197, 0.061626792, 0.090099335]","[8.24109, -3.0166, -0.33814138]","[0.0, -0.0, -0.4161468365471424, 0.9092974268256817]",,
"[-0.028778482, -0.13440016, 0.052441597]","[8.23639, -2.9803505, -0.34825215]","[0.0, -0.0, -0.4161468365471424, 0.9092974268256817]",,
,,,"[True, True, True]",
"[0.047378786, 0.16345298, -0.0422163]","[8.21344, -3.0295434, -0.33534282]","[0.0, -0.0, -0.4161468365471424, 0.9092974268256817]",,
"[0.025787748, -0.0349226, 0.0015382767]","[8.20236, -3.05391, -0.34826186]","[0.0, -0.0, -0.4161468365471424, 0.9092974268256817]",,
,,,"[True, True, True]",
"[-0.012053799, 0.010965347, 0.020098686]","[8.19287, -3.0740309, -0.33545673]","[0.0, -0.0, -0.4161468365471424, 0.9092974268256817]",,
"[0.019693803, 0.009790719, -0.014515877]","[8.1676, -3.128396, -0.3269482]","[0.0, -0.0, -0.4161468365471424, 0.9092974268256817]",,
,,,"[True, True, True]",
"[-0.013541061, -0.008924842, -0.011774063]","[8.176575, -3.1094265, -0.3397816]","[0.0, -0.0, -0.4161468365471424, 0.9092974268256817]",,
,,,"[True, True, True]",
"[0.012402181, -0.0265674, 0.020934105]","[8.16037, -3.144402, -0.33928224]","[0.0, -0.0, -0.4161468365471424, 0.9092974268256817]",,
,,,"[True, True, True]",
"[-0.004719306, -0.023204505, 0.027750015]","[8.15082, -3.1650217, -0.33655116]","[0.0, -0.0, -0.4161468365471424, 0.9092974268256817]",,
"[0.02976961, -0.03755051, -0.027051926]","[8.14322, -3.1816146, -0.3433134]","[0.0, -0.0, -0.4161468365471424, 0.9092974268256817]",,
,,,"[True, True, True]",
,,,,"[5.262731368725392e-06, -3.401032814838627e-05]"
"[0.16543107, 0.24422812, -0.17355919]","[8.12201, -3.2271903, -0.33332077]","[0.0, -0.0, -0.4161468365471424, 0.9092974268256817]",,
"[-0.048762273, -0.033037424, -0.1267147]","[8.167175, -3.1297824, -0.34223655]","[0.0, -0.0, -0.4161468365471424, 0.9092974268256817]",,
,,,"[True, True, True]",
"[0.10641186, 0.1776712, -0.3585186]","[8.12915, -3.2112238, -0.31804287]","[0.0, -0.0, -0.4161468365471424, 0.9092974268256817]",,
,,,"[True, True, True]",
"[0.0006967932, 0.01658988, 0.03699398]","[8.09921, -3.2767072, -0.34036368]","[0.0, -0.0, -0.4161468365471424, 0.9092974268256817]",,
"[0.02778464, 0.16484588, -0.032273293]","[8.123474, -3.2245312, -0.34877542]","[0.0, -0.0, -0.4161468365471424, 0.9092974268256817]",,
,,,"[True, True, True]",
,,,"[True, True, True]",
"[0.03128035, 0.07299775, 0.030046463]","[8.10541, -3.2632914, -0.33975005]","[0.0, -0.0, -0.4161468365471424, 0.9092974268256817]",,
,,,"[True, True, True]",
"[-0.006721813, -0.06681895, -0.11210632]","[8.14679, -3.1733322, -0.325331]","[0.0, -0.0, -0.4161468365471424, 0.9092974268256817]",,
"[-0.03325219, -0.07752016, 0.027628899]","[8.1434, -3.1805604, -0.32206285]","[0.0, -0.0, -0.4161468365471424, 0.9092974268256817]",,
,,,"[True, True, True]",
"[0.01479781, -0.08009255, -0.025940895]","[8.16443, -3.1352506, -0.32553232]","[0.0, -0.0, -0.4161468365471424, 0.9092974268256817]",,
"[-0.011261538, -0.028499484, -0.02930355]","[8.14697, -3.1725237, -0.31155622]","[0.0, -0.0, -0.4161468365471424, 0.9092974268256817]",,
,,,"[True, True, True]",
"[-0.002237007, 0.008316338, 0.017086983]","[8.16376, -3.1365547, -0.32286862]","[0.0, -0.0, -0.4161468365471424, 0.9092974268256817]",,
,,,"[True, True, True]",
"[0.013034582, -0.013783157, 0.022047997]","[8.17392, -3.1147838, -0.3286438]","[0.0, -0.0, -0.4161468365471424, 0.9092974268256817]",,
,,,"[True, True, True]",
,,,"[True, True, True]",
,,,,"[5.262731368723879e-06, -3.4010328148463393e-05]"
,,,"[True, True, True]",
"[-0.043244064, -0.029595017, 0.0043058395]","[8.18982, -3.0800867, -0.3185183]","[0.0, -0.0, -0.4161468365471424, 0.9092974268256817]",,
"[-0.01385612, -0.10852334, 0.013464928]","[8.20358, -3.050157, -0.31213447]","[0.0, -0.0, -0.4161468365471424, 0.9092974268256817]",,
,,,"[True, True, True]",
"[0.016859317, 0.011650205, 0.008022308]","[8.14697, -3.1715534, -0.2812426]","[0.0, -0.0, -0.4161468365471424, 0.9092974268256817]",,
,,,"[True, True, True]",
"[0.023432381, -0.02233553, 0.02020073]","[8.1532, -3.1575506, -0.26445287]","[0.0, -0.0, -0.4161468365471424, 0.9092974268256817]",,
,,,"[True, True, True]",
"[0.026287658, 0.028752983, 0.029644012]","[8.10162, -3.2682052, -0.23904021]","[0.0, -0.0, -0.4161468365471424, 0.9092974268256817]",,
"[-0.008840229, -0.057853997, 0.030646324]","[8.09921, -3.272986, -0.2275411]","[0.0, -0.0, -0.4161468365471424, 0.9092974268256817]",,
,,,"[True, True, True]",
"[0.014137361, 0.009468079, 0.011015892]","[8.06174, -3.3533378, -0.20842238]","[0.0, -0.0, -0.4161468365471424, 0.9092974268256817]",,
"[0.08888097, -0.46613064, 0.5254946]","[8.0965, -3.277571, -0.18761997]","[0.0, -0.0, -0.4161468365471424, 0.9092974268256817]",,
,,,"[True, True, True]",
"[0.06937099, -0.021982849, -0.101732254]","[8.07648, -3.3206408, -0.1838753]","[0.0, -0.0, -0.4161468365471424, 0.9092974268256817]",,
,,,"[True, True, True]",
"[0.0028010178, -0.04106605, 0.0077762604]","[8.039825, -3.399335, -0.16818522]","[0.0, -0.0, -0.4161468365471424, 0.9092974268256817]",,
,,,"[True, True, True]",
"[0.0073352735, -0.007860303, -0.018968582]","[8.03961, -3.4002626, -0.18142988]","[0.0, -0.0, -0.4161468365471424, 0.9092974268256817]",,
"[-0.055380788, -0.20897457, 0.21987152]","[8.02832, -3.4260066, -0.2221147]","[0.0, -0.0, -0.4161468365471424, 0.9092974268256817]",,
,,,"[True, True, True]",
"[0.03234973, -0.0070763826, -0.06359863]","[8.03827, -3.4044044, -0.21929093]","[0.0, -0.0, -0.4161468365471424, 0.9092974268256817]",,
,,,"[True, True, True]",
,,,,"[5.263791369398189e-06, -3.4010327019841654e-05]"
"[-0.037893876, -0.021284819, 0.0015163422]","[7.988556, -3.5109704, -0.19376719]","[0.0, -0.0, -0.4161468365471424, 0.9092974268256817]",,
,,,"[True, True, True]",
"[0.018897647, -0.055976987, -0.018141747]","[7.99939, -3.4885747, -0.22227445]","[0.0, -0.0, -0.4161468365471424, 0.9092974268256817]",,
,,,"[True, True, True]",
"[0.03906163, -0.0055332184, 0.02616787]","[7.986755, -3.515595, -0.21504472]","[0.0, -0.0, -0.4161468365471424, 0.9092974268256817]",,
"[-0.027856488, 0.012066543, 0.009090424]","[7.98331, -3.523472, -0.22710288]","[0.0, -0.0, -0.4161468365471424, 0.9092974268256817]",,
,,,"[True, True, True]",
"[0.033934712, -0.00844866, -0.01312542]","[7.98001, -3.530618, -0.22724324]","[0.0, -0.0, -0.4161468365471424, 0.9092974268256817]",,
,,,"[True, True, True]",
"[0.012033872, 0.038542807, -0.030638695]","[7.97217, -3.5474977, -0.22409715]","[0.0, -0.0, -0.4161468365471424, 0.9092974268256817]",,
"[0.005532354, 0.016453803, -0.027679443]","[7.956116, -3.582299, -0.22753866]","[0.0, -0.0, -0.4161468365471424, 0.9092974268256817]",,
,,,"[True, True, True]",
"[0.055281155, -0.046443403, -0.001909256]","[7.96567, -3.5615828, -0.22612563]","[0.0, -0.0, -0.4161468365471424, 0.9092974268256817]",,
,,,"[True, True, True]",
"[0.017452404, 0.006803155, -0.0675869]","[7.971375, -3.5493174, -0.22778964]","[0.0, -0.0, -0.4161468365471424, 0.9092974268256817]",,
"[0.014194559, 0.023022652, 0.041876793]","[7.9155, -3.6699388, -0.22254741]","[0.0, -0.0, -0.4161468365471424, 0.9092974268256817]",,
,,,"[True, True, True]",
"[-0.035581537, -0.014588058, -0.030982018]","[7.90372, -3.6948898, -0.20873041]","[0.0, -0.0, -0.4161468365471424, 0.9092974268256817]",,
,,,"[True, True, True]",
"[0.01571786, -0.03499472, 0.02319336]","[7.8927, -3.7189906, -0.21716799]","[0.0, -0.0, -0.4161468365471424, 0.9092974268256817]",,
,,,"[True, True, True]",
"[0.022307398, 0.008009374, -0.046212196]","[7.89386, -3.716425, -0.21452948]","[0.0, -0.0, -0.4161468365471424, 0.9092974268256817]",,
"[-0.015868433, 0.0043359995, -0.019231796]","[7.88983, -3.7250755, -0.21355106]","[0.0, -0.0, -0.4161468365471424, 0.9092974268256817]",,
,,,"[True, True, True]",
,,,,"[5.281365542847224e-06, -3.401029359565099e-05]"
"[0.014566783, -0.005458832, -0.0008010864]","[7.88922, -3.7262878, -0.21094981]","[0.0, -0.0, -0.4161468365471424, 0.9092974268256817]",,
"[0.051755525, -0.0053067803, -0.0032787323]","[7.88873, -3.7272816, -0.2070065]","[0.0, -0.0, -0.4161468365471424, 0.9092974268256817]",,
,,,"[True, True, True]",
"[-0.010009248, 0.017885804, -0.012583733]","[7.888, -3.728768, -0.20571934]","[0.0, -0.0, -0.4161468365471424, 0.9092974268256817]",,
,,,"[True, True, True]",
"[0.013434947, -0.026992857, -0.019266129]","[7.888306, -3.7280257, -0.20328747]","[0.0, -0.0, -0.4161468365471424, 0.9092974268256817]",,
"[0.016259776, 0.031436443, -0.010149002]","[7.885925, -3.7332695, -0.20658207]","[0.0, -0.0, -0.4161468365471424, 0.9092974268256817]",,
,,,"[True, True, True]",
"[-0.0052771904, 0.009949446, -0.03901291]","[7.88541, -3.7343807, -0.20620865]","[0.0, -0.0, -0.4161468365471424, 0.9092974268256817]",,
,,,"[True, True, True]",
"[0.004522441, 0.020956933, -0.02519989]","[7.88284, -3.7399955, -0.20714559]","[0.0, -0.0, -0.4161468365471424, 0.9092974268256817]",,
,,,"[True, True, True]",
"[0.008329056, -0.019766271, 0.010186195]","[7.88202, -3.7416093, -0.2018198]","[0.0, -0.0, -0.4161468365471424, 0.9092974268256817]",,
,,,"[True, True, True]",
"[0.008879498, -0.008176148, 0.036133766]","[7.879974, -3.7461085, -0.20542413]","[0.0, -0.0, -0.4161468365471424, 0.9092974268256817]",,
,,,"[True, True, True]",
"[0.04221896, -0.024695098, 0.027692795]","[7.88922, -3.7261345, -0.20584218]","[0.0, -0.0, -0.4161468365471424, 0.9092974268256817]",,
"[0.0052410625, 0.02189833, 0.006808281]","[7.86618, -3.7756526, -0.1972632]","[0.0, -0.0, -0.4161468365471424, 0.9092974268256817]",,
,,,"[True, True, True]",
"[-0.0057629533, -0.014739692, 0.024968147]","[7.870026, -3.7674842, -0.20212471]","[0.0, -0.0, -0.4161468365471424, 0.9092974268256817]",,
,,,"[True, True, True]",
"[-0.029722653, 0.0034869313, -0.040114403]","[7.86194, -3.784934, -0.20114906]","[0.0, -0.0, -0.4161468365471424, 0.9092974268256817]",,
,,,"[True, True, True]",
,,,,"[5.320314849440437e-06, -3.401028461186723e-05]"
"[0.012582179, -0.008251011, -0.0076761246]","[7.85477, -3.8003561, -0.19848996]","[0.0, -0.0, -0.4161468365471424, 0.9092974268256817]",,
,,,"[True, True, True]",
"[0.022263128, -0.0012824535, -0.02212143]","[7.86148, -3.785883, -0.20018409]","[0.0, -0.0, -0.4161468365471424, 0.9092974268256817]",,
,,,"[True, True, True]",
"[-0.0043657273, -0.0033401847, 0.036403656]","[7.85507, -3.7996018, -0.19628339]","[0.0, -0.0, -0.4161468365471424, 0.9092974268256817]",,
,,,"[True, True, True]",
"[-0.028720383, 0.008110166, -0.0263443]","[7.86066, -3.7879643, -0.20717803]","[0.0, -0.0, -0.4161468365471424, 0.9092974268256817]",,
,,,"[True, True, True]",
"[0.01348963, -0.004586339, 0.023682594]","[7.85846, -3.7925794, -0.20392588]","[0.0, -0.0, -0.4161468365471424, 0.9092974268256817]",,
"[-0.005799733, -0.0029316545, 0.04506111]","[7.85632, -3.797168, -0.20281711]","[0.0, -0.0, -0.4161468365471424, 0.9092974268256817]",,
"[0.017286995, 0.0028950572, -0.024161339]","[7.85272, -3.8047616, -0.19882637]","[0.0, -0.0, -0.4161468365471424, 0.9092974268256817]",,
,,,"[True, True, True]",
"[0.008846652, -0.022819042, -0.035964966]","[7.85382, -3.8026204, -0.2048263]","[0.0, -0.0, -0.4161468365471424, 0.9092974268256817]",,
"[-0.019936275, 0.009839058, 0.0066633224]","[7.852325, -3.8058228, -0.20321691]","[0.0, -0.0, -0.4161468365471424, 0.9092974268256817]",,
,,,"[True, True, True]",
,,,"[True, True, True]",
"[-0.012796279, 0.019735098, -0.00011539459]","[7.85333, -3.8036191, -0.20299943]","[0.0, -0.0, -0.4161468365471424, 0.9092974268256817]",,
"[0.0091013275, -0.0051710606, -0.012414932]","[7.856995, -3.795873, -0.2063397]","[0.0, -0.0, -0.4161468365471424, 0.9092974268256817]",,
,,,"[True, True, True]",
"[0.01989214, -0.023411572, 0.015895844]","[7.85858, -3.7921739, -0.19986477]","[0.0, -0.0, -0.4161468365471424, 0.9092974268256817]",,
,,,"[True, True, True]",
,,,"[True, True, True]",
,,,,"[5.38253035614357e-06, -3.401027542227644e-05]"
"[-0.025283571, -0.013810098, -0.021925926]","[7.85922, -3.7907383, -0.19936307]","[0.0, -0.0, -0.4161468365471424, 0.9092974268256817]",,
,,,"[True, True, True]",
"[0.0041855555, -0.03128028, -0.009759903]","[7.86322, -3.7823484, -0.20538862]","[0.0, -0.0, -0.4161468365471424, 0.9092974268256817]",,
"[0.022731103, -0.004361868, -0.0075063705]","[7.85913, -3.7911267, -0.20293677]","[0.0, -0.0, -0.4161468365471424, 0.9092974268256817]",,
,,,"[True, True, True]",
"[-0.008176122, 0.019952297, -0.004419327]","[7.84708, -3.8166223, -0.18866938]","[0.0, -0.0, -0.4161468365471424, 0.9092974268256817]",,
,,,"[True, True, True]",
"[0.043110095, 0.006795585, 0.0028181076]","[7.85037, -3.8098438, -0.19733526]","[0.0, -0.0, -0.4161468365471424, 0.9092974268256817]",,
,,,"[True, True, True]",
"[0.040407497, 0.024041772, -0.041867256]","[7.85193, -3.8063533, -0.19476706]","[0.0, -0.0, -0.4161468365471424, 0.9092974268256817]",,
,,,"[True, True, True]",
"[-0.0030015707, -0.02136761, -0.043416023]","[7.85126, -3.8076994, -0.19089518]","[0.0, -0.0, -0.4161468365471424, 0.9092974268256817]",,
"[-0.02197313, -0.021250486, 0.018400192]","[7.85739, -3.7944338, -0.19081001]","[0.0, -0.0, -0.4161468365471424, 0.9092974268256817]",,
,,,"[True, True, True]",
"[0.01589187, -0.00041019917, -0.0034370422]","[7.85611, -3.7971532, -0.19059528]","[0.0, -0.0, -0.4161468365471424, 0.9092974268256817]",,
,,,"[True, True, True]",
"[-0.019619092, 0.01689899, -0.013144493]","[7.858185, -3.792725, -0.19217372]","[0.0, -0.0, -0.4161468365471424, 0.9092974268256817]",,
"[-0.0133397095, -0.044292033, 0.040276527]","[7.86102, -3.7864408, -0.18690184]","[0.0, -0.0, -0.4161468365471424, 0.9092974268256817]",,
,,,"[True, True, True]",
"[0.021340676, -0.0056904554, -0.03391266]","[7.856384, -3.7967715, -0.19497497]","[0.0, -0.0, -0.4161468365471424, 0.9092974268256817]",,
"[0.013003541, -0.040489614, 0.019749641]","[7.83728, -3.8377728, -0.18776545]","[0.0, -0.0, -0.4161468365471424, 0.9092974268256817]",,
,,,"[True, True, True]",
"[0.014057869, 0.002518475, -0.011425018]","[7.84549, -3.8202302, -0.19345225]","[0.0, -0.0, -0.4161468365471424, 0.9092974268256817]",,
"[-0.006161824, -0.0078070164, 0.039064407]","[7.83618, -3.8400896, -0.18622158]","[0.0, -0.0, -0.4161468365471424, 0.9092974268256817]",,
,,,,"[5.467762496072412e-06, -3.400945681968357e-05]"
,,,"[True, True, False]",
"[0.018487087, -0.0033393502, -0.053551674]","[7.83533, -3.842092, -0.19093339]","[0.0, -0.0, -0.4161468365471424, 0.9092974268256817]",,
"[-0.007876512, -0.017839432, 0.0039253235]","[7.83429, -3.8443544, -0.191102]","[0.0, -0.0, -0.4161468365471424, 0.9092974268256817]",,
"[-0.004053943, -0.011634052, 0.015276909]","[7.83203, -3.8490062, -0.18495074]","[0.0, -0.0, -0.4161468365471424, 0.9092974268256817]",,
,,,"[True, True, False]",
"[-0.0016084798, -0.0027827024, 0.008325577]","[7.829956, -3.8535557, -0.18504445]","[0.0, -0.0, -0.4161468365471424, 0.9092974268256817]",,
,,,"[True, True, False]",
"[0.015297046, 0.04107189, -0.0085401535]","[7.83359, -3.845733, -0.18638466]","[0.0, -0.0, -0.4161468365471424, 0.9092974268256817]",,
,,,"[True, True, False]",
"[0.031677645, -0.029743552, -0.009159088]","[7.834045, -3.8446405, -0.18522078]","[0.0, -0.0, -0.4161468365471424, 0.9092974268256817]",,
,,,"[True, True, False]",
"[0.020698898, -0.008360803, 0.0002670288]","[7.835205, -3.8418171, -0.17538778]","[0.0, -0.0, -0.4161468365471424, 0.9092974268256817]",,
,,,"[True, True, False]",
"[0.012745073, 3.6239624e-05, 0.026509285]","[7.838135, -3.8358662, -0.1856502]","[0.0, -0.0, -0.4161468365471424, 0.9092974268256817]",,
,,,"[True, True, False]",
"[-0.0025174841, 0.016298175, -0.027863503]","[7.8367, -3.839284, -0.19424027]","[0.0, -0.0, -0.4161468365471424, 0.9092974268256817]",,
"[0.01659741, 0.0026357174, -0.0068588257]","[7.8392, -3.8338826, -0.19470665]","[0.0, -0.0, -0.4161468365471424, 0.9092974268256817]",,
,,,"[True, True, False]",
,,,"[True, True, False]",
"[0.021088798, 0.00051772594, -0.017400742]","[7.83978, -3.8325484, -0.19285525]","[0.0, -0.0, -0.4161468365471424, 0.9092974268256817]",,
,,,"[True, True, False]",
"[0.009767275, -0.010990977, -0.0029478073]","[7.84082, -3.830435, -0.19649683]","[0.0, -0.0, -0.4161468365471424, 0.9092974268256817]",,
,,,,"[5.503227217597087e-06, -3.400780566536233e-05]"
,,,"[True, True, False]",
"[0.023557, 0.028739572, 0.01845932]","[7.83823, -3.8359222, -0.19257925]","[0.0, -0.0, -0.4161468365471424, 0.9092974268256817]",,
"[-0.0059136003, -0.00890553, -0.04164791]","[7.83984, -3.8321896, -0.18735158]","[0.0, -0.0, -0.4161468365471424, 0.9092974268256817]",,
"[-0.017098732, 0.011160135, 0.029348373]","[7.84332, -3.8248599, -0.19149175]","[0.0, -0.0, -0.4161468365471424, 0.9092974268256817]",,
"[0.0009143092, -0.013210297, 0.023310661]","[7.84152, -3.8290586, -0.2003307]","[0.0, -0.0, -0.4161468365471424, 0.9092974268256817]",,
,,,"[True, True, False]",
"[0.016554246, -0.061055183, -0.030303955]","[7.852875, -3.8036978, -0.17876662]","[0.0, -0.0, -0.4161468365471424, 0.9092974268256817]",,
,,,"[True, True, False]",
,,,"[True, True, False]",
"[0.03812863, 0.032059312, -0.006401062]","[7.84891, -3.8123355, -0.18021016]","[0.0, -0.0, -0.4161468365471424, 0.9092974268256817]",,
"[-0.032628257, -0.00029224157, -0.0003414154]","[7.83063, -3.852561, -0.19775015]","[0.0, -0.0, -0.4161468365471424, 0.9092974268256817]",,
,,,"[True, True, False]",
"[-0.020181093, 0.015070617, -0.0046215057]","[7.84094, -3.8299043, -0.18759917]","[0.0, -0.0, -0.4161468365471424, 0.9092974268256817]",,
"[0.0010756459, -0.016418695, 0.023924828]","[7.832275, -3.848561, -0.18592724]","[0.0, -0.0, -0.4161468365471424, 0.9092974268256817]",,
,,,"[True, True, False]",
"[0.019795574, -0.0019478202, 0.024233818]","[7.832794, -3.8473902, -0.18548094]","[0.0, -0.0, -0.4161468365471424, 0.9092974268256817]",,
,,,"[True, True, False]",
"[-0.04259839, 0.028573513, 0.00080394745]","[7.82501, -3.8640847, -0.18201588]","[0.0, -0.0, -0.4161468365471424, 0.9092974268256817]",,
,,,"[True, True, False]",
"[-0.0018283371, 0.0066866875, -0.029625893]","[7.82385, -3.866665, -0.18375354]","[0.0, -0.0, -0.4161468365471424, 0.9092974268256817]",,
,,,"[True, True, False]",
"[-0.008883908, -0.0021557808, -0.018855095]","[7.82507, -3.8640366, -0.18391533]","[0.0, -0.0, -0.4161468365471424, 0.9092974268256817]",,
,,,"[True, True, False]",
"[0.010665346, 0.015316308, 0.045259476]","[7.82086, -3.8732688, -0.18740387]","[0.0, -0.0, -0.4161468365471424, 0.9092974268256817]",,
"[0.038897686, -0.016765654, -0.00467968]","[7.82434, -3.8656514, -0.18607669]","[0.0, -0.0, -0.4161468365471424, 0.9092974268256817]",,
,,,,"[5.50322276094378e-06, -3.400408944103746e-05]"
,,,"[True, True, False]",
"[-0.02357111, 0.026619554, 0.014262199]","[7.81976, -3.8754127, -0.18159114]","[0.0, -0.0, -0.4161468365471424, 0.9092974268256817]",,
"[-0.0048290957, -0.0032095313, 0.0061426163]","[7.81589, -3.8837898, -0.18029295]","[0.0, -0.0, -0.4161468365471424, 0.9092974268256817]",,
,,,"[True, True, False]",
"[0.0024289489, 0.024635851, 0.035102844]","[7.82065, -3.873478, -0.1804968]","[0.0, -0.0, -0.4161468365471424, 0.9092974268256817]",,
"[0.018935494, -0.012839377, -0.002667427]","[7.8219, -3.8707097, -0.18010087]","[0.0, -0.0, -0.4161468365471424, 0.9092974268256817]",,
,,,"[True, True, False]",
"[0.0029508471, 0.0016502738, -0.019454956]","[7.82254, -3.869545, -0.18486899]","[0.0, -0.0, -0.4161468365471424, 0.9092974268256817]",,
,,,"[True, True, False]",
"[0.002645297, -0.015104115, 0.0028438568]","[7.822266, -3.8700504, -0.18182594]","[0.0, -0.0, -0.4161468365471424, 0.9092974268256817]",,
,,,"[True, True, False]",
"[-0.016704818, -0.014342785, 0.008425713]","[7.81763, -3.8799381, -0.17973524]","[0.0, -0.0, -0.4161468365471424, 0.9092974268256817]",,
,,,"[True, True, False]",
"[0.01562573, -0.024910092, 0.008883476]","[7.8212, -3.8720317, -0.17450927]","[0.0, -0.0, -0.4161468365471424, 0.9092974268256817]",,
"[0.007088894, 0.000613451, -0.033304214]","[7.81952, -3.8758712, -0.17935315]","[0.0, -0.0, -0.4161468365471424, 0.9092974268256817]",,
,,,"[True, True, False]",
"[-0.021578314, -0.0022959113, 0.032538414]","[7.82471, -3.8646567, -0.17960526]","[0.0, -0.0, -0.4161468365471424, 0.9092974268256817]",,
,,,"[True, True, False]",
"[0.030177314, -0.012986958, -0.0023126602]","[7.83475, -3.8422434, -0.16085435]","[0.0, -0.0, -0.4161468365471424, 0.9092974268256817]",,
"[-0.043469034, 0.04984224, 0.007516861]","[7.82483, -3.864271, -0.17623366]","[0.0, -0.0, -0.4161468365471424, 0.9092974268256817]",,
,,,"[True, True, False]",
,,,"[True, True, False]",
"[-0.027164187, -0.031214058, 0.04495144]","[7.82379, -3.8669765, -0.18841922]","[0.0, -0.0, -0.4161468365471424, 0.9092974268256817]",,
,,,,"[5.503828960268429e-06, -3.400277656564134e-05]"
"[-0.012868941, -0.008550286, -0.01288414]","[7.83441, -3.8439877, -0.18869907]","[0.0, -0.0, -0.4161468365471424, 0.9092974268256817]",,
"[-0.028001912, -0.01024121, -0.013034821]","[7.829285, -3.8548896, -0.18315141]","[0.0, -0.0, -0.4161468365471424, 0.9092974268256817]",,
,,,"[True, True, False]",
"[-0.0016937219, 0.0034434795, -0.003203392]","[7.834656, -3.8433697, -0.18513027]","[0.0, -0.0, -0.4161468365471424, 0.9092974268256817]",,
,,,"[True, True, False]",
"[-0.002145145, -0.014745593, 0.0099515915]","[7.83533, -3.841785, -0.18196058]","[0.0, -0.0, -0.4161468365471424, 0.9092974268256817]",,
,,,"[True, True, False]",
"[-0.030339792, 0.031963766, 0.0008172989]","[7.83392, -3.8448613, -0.18339494]","[0.0, -0.0, -0.4161468365471424, 0.9092974268256817]",,
"[6.763451e-05, -0.0032678843, -0.02989006]","[7.83511, -3.8422422, -0.18148759]","[0.0, -0.0, -0.4161468365471424, 0.9092974268256817]",,
,,,"[True, True, False]",
,,,"[True, True, False]",
"[0.009414576, 0.01180768, 0.011842728]","[7.825195, -3.8636441, -0.18051857]","[0.0, -0.0, -0.4161468365471424, 0.9092974268256817]",,
"[0.020296901, -0.0040978193, 0.013620377]","[7.8201, -3.8744419, -0.17461982]","[0.0, -0.0, -0.4161468365471424, 0.9092974268256817]",,
,,,"[True, True, False]",
"[0.018047933, -0.00500679, 0.0016717911]","[7.8176, -3.8798134, -0.17445631]","[0.0, -0.0, -0.4161468365471424, 0.9092974268256817]",,
"[-0.0010923725, 0.016332924, -0.00046157837]","[7.8176, -3.8798454, -0.17452441]","[0.0, -0.0, -0.4161468365471424, 0.9092974268256817]",,
,,,"[True, True, False]",
"[-0.0013344344, -0.00599128, -0.0113248825]","[7.81482, -3.8858354, -0.17291953]","[0.0, -0.0, -0.4161468365471424, 0.9092974268256817]",,
"[-0.02241951, -0.0051370263, -0.0020189285]","[7.81708, -3.8810124, -0.17521979]","[0.0, -0.0, -0.4161468365471424, 0.9092974268256817]",,
,,,"[True, True, False]",
"[-0.003189925, 0.012966275, -0.016824722]","[7.8147, -3.8861446, -0.17589878]","[0.0, -0.0, -0.4161468365471424, 0.9092974268256817]",,
"[-0.014747057, 0.0066755414, 0.004073143]","[7.81714, -3.8809857, -0.17747399]","[0.0, -0.0, -0.4161468365471424, 0.9092974268256817]",,
,,,"[True, True, False]",
"[0.021005735, -0.0028588176, 0.006655693]","[7.81702, -3.8812592, -0.17821123]","[0.0, -0.0, -0.4161468365471424, 0.9092974268256817]",,
"[0.006833086, 0.011954188, 0.0026445389]","[7.81857, -3.8779235, -0.17907248]","[0.0, -0.0, -0.4161468365471424, 0.9092974268256817]",,
,,,,"[5.507641487193405e-06, -3.4002771501927065e-05]"
,,,"[True, True, False]",
,,,"[True, True, False]",
"[0.020564407, -0.01457423, -0.013400078]","[7.810486, -3.8952475, -0.17562601]","[0.0, -0.0, -0.4161468365471424, 0.9092974268256817]",,
,,,"[True, True, False]",
"[-0.0072701797, -0.0064564943, -0.00365448]","[7.813385, -3.889151, -0.17963237]","[0.0, -0.0, -0.4161468365471424, 0.9092974268256817]",,
,,,"[True, True, False]",
"[0.021574393, -0.002541542, 0.015986443]","[7.811005, -3.8943775, -0.18133095]","[0.0, -0.0, -0.4161468365471424, 0.9092974268256817]",,
"[0.03828904, 0.04284662, 0.019486427]","[7.811676, -3.8929787, -0.1827546]","[0.0, -0.0, -0.4161468365471424, 0.9092974268256817]",,
,,,"[True, True, False]",
"[0.017824905, -0.01985544, -0.035643578]","[7.81607, -3.8836305, -0.18724355]","[0.0, -0.0, -0.4161468365471424, 0.9092974268256817]",,
,,,"[True, True, False]",
"[-0.0072147157, -0.017896056, 0.010621071]","[7.81473, -3.8862526, -0.17963791]","[0.0, -0.0, -0.4161468365471424, 0.9092974268256817]",,
,,,"[True, True, False]",
"[-0.004767036, -0.015568674, 0.01966095]","[7.81497, -3.8857462, -0.18093821]","[0.0, -0.0, -0.4161468365471424, 0.9092974268256817]",,
"[0.0054409932, -0.016914606, 0.00092220306]","[7.81729, -3.8803427, -0.17040686]","[0.0, -0.0, -0.4161468365471424, 0.9092974268256817]",,
,,,"[True, True, False]",
"[0.022339487, -0.020791054, -0.047402382]","[7.81293, -3.8898473, -0.1726269]","[0.0, -0.0, -0.4161468365471424, 0.9092974268256817]",,
,,,"[True, True, False]",
"[0.015287075, 0.021898031, 0.0045633316]","[7.81946, -3.8757308, -0.17243607]","[0.0, -0.0, -0.4161468365471424, 0.9092974268256817]",,
,,,"[True, True, False]",
"[-0.00049218535, -0.0012817979, -0.005411148]","[7.82831, -3.8567836, -0.17726761]","[0.0, -0.0, -0.4161468365471424, 0.9092974268256817]",,
,,,"[True, True, False]",
"[-0.012701154, 0.0014272332, -0.016156197]","[7.82175, -3.8708978, -0.17592226]","[0.0, -0.0, -0.4161468365471424, 0.9092974268256817]",,
,,,,"[5.514787554179622e-06, -3.400276822867466e-05]"
"[0.011868266, -0.019868612, 0.019714355]","[7.829254, -3.8548539, -0.18043086]","[0.0, -0.0, -0.4161468365471424, 0.9092974268256817]",,
,,,"[True, True, False]",
"[-0.020535309, 0.03716296, 0.027219772]","[7.829346, -3.8548853, -0.18516909]","[0.0, -0.0, -0.4161468365471424, 0.9092974268256817]",,
,,,"[True, True, False]",
,,,"[True, True, False]",
"[0.0066813957, 0.0037119389, 0.019134521]","[7.83539, -3.8415482, -0.17809191]","[0.0, -0.0, -0.4161468365471424, 0.9092974268256817]",,
,,,"[True, True, False]",
"[-0.0215789, -0.019126058, 0.007270813]","[7.83096, -3.8511326, -0.17957622]","[0.0, -0.0, -0.4161468365471424, 0.9092974268256817]",,
"[0.03116473, -0.020435154, -0.0072345734]","[7.83426, -3.8440838, -0.18213713]","[0.0, -0.0, -0.4161468365471424, 0.9092974268256817]",,
,,,"[True, True, False]",
"[0.0026005507, -0.004293561, 0.01154232]","[7.82605, -3.8617864, -0.18060608]","[0.0, -0.0, -0.4161468365471424, 0.9092974268256817]",,
,,,"[True, True, False]",
"[0.021458838, -0.011682868, 0.0037670135]","[7.82611, -3.861689, -0.1809241]","[0.0, -0.0, -0.4161468365471424, 0.9092974268256817]",,
"[-0.014348045, -0.015792668, 0.02665615]","[7.81439, -3.886978, -0.17952093]","[0.0, -0.0, -0.4161468365471424, 0.9092974268256817]",,
,,,"[True, True, False]",
"[0.036621917, -0.036293447, 0.024982452]","[7.81653, -3.8820374, -0.17156011]","[0.0, -0.0, -0.4161468365471424, 0.9092974268256817]",,
"[-0.029158248, -0.02753979, 0.00033283234]","[7.814575, -3.8864703, -0.17657155]","[0.0, -0.0, -0.4161468365471424, 0.9092974268256817]",,
"[0.00049196, 0.005849421, -0.023534775]","[7.81464, -3.886559, -0.1830959]","[0.0, -0.0, -0.4161468365471424, 0.9092974268256817]",,
,,,"[True, True, False]",
"[-0.013633173, -0.0035908818, -0.018447876]","[7.81534, -3.8851047, -0.18417019]","[0.0, -0.0, -0.4161468365471424, 0.9092974268256817]",,
"[0.014468301, 0.0103209615, -0.007508278]","[7.81378, -3.8883243, -0.18150084]","[0.0, -0.0, -0.4161468365471424, 0.9092974268256817]",,
,,,"[True, True, False]",
"[0.010518663, 0.007972002, -0.021040916]","[7.81369, -3.8887634, -0.18718211]","[0.0, -0.0, -0.4161468365471424, 0.9092974268256817]",,
"[-0.005693283, -0.0062506795, 0.011407852]","[7.81354, -3.8891728, -0.18871337]","[0.0, -0.0, -0.4161468365471424, 0.9092974268256817]",,
,,,"[True, True, False]",
"[0.008058425, 0.0072320104, -0.019165993]","[7.81204, -3.892349, -0.18662564]","[0.0, -0.0, -0.4161468365471424, 0.9092974268256817]",,
,,,,"[5.5228351117813395e-06, -3.400027619013761e-05]"
,,,"[True, True, False]",
"[0.011790395, 0.012873471, -0.0077524185]","[7.814026, -3.887787, -0.17965434]","[0.0, -0.0, -0.4161468365471424, 0.9092974268256817]",,
,,,"[True, True, False]",
"[0.020808171, 0.006773412, -0.002450943]","[7.810425, -3.8954115, -0.17710347]","[0.0, -0.0, -0.4161468365471424, 0.9092974268256817]",,
"[0.009697288, -0.006292999, 0.00074005127]","[7.81348, -3.8889966, -0.1816669]","[0.0, -0.0, -0.4161468365471424, 0.9092974268256817]",,
,,,"[True, True, False]",
"[-0.005712578, -0.017925918, -0.020924568]","[7.81439, -3.8868148, -0.17448877]","[0.0, -0.0, -0.4161468365471424, 0.9092974268256817]",,
"[0.02655901, -0.03321761, -0.018489838]","[7.81113, -3.893622, -0.16859515]","[0.0, -0.0, -0.4161468365471424, 0.9092974268256817]",,
,,,"[True, True, False]",
"[0.0072840583, -0.01176399, 0.0028305054]","[7.811615, -3.8924923, -0.16726603]","[0.0, -0.0, -0.4161468365471424, 0.9092974268256817]",,
,,,"[True, True, False]",
"[0.009274565, -0.00021910667, -0.014550209]","[7.81021, -3.895446, -0.16436811]","[0.0, -0.0, -0.4161468365471424, 0.9092974268256817]",,
,,,"[True, True, False]",
"[0.01392322, -0.0043880343, 0.009610176]","[7.818115, -3.8783398, -0.16436042]","[0.0, -0.0, -0.4161468365471424, 0.9092974268256817]",,
"[-0.03370317, 0.0012508035, 0.011713982]","[7.820465, -3.8732586, -0.16431943]","[0.0, -0.0, -0.4161468365471424, 0.9092974268256817]",,
,,,"[True, True, False]",
"[-0.059426747, -0.077693105, -0.032239914]","[7.846436, -3.817149, -0.16516937]","[0.0, -0.0, -0.4161468365471424, 0.9092974268256817]",,
"[-0.029223075, 0.03232479, 0.008277893]","[7.81598, -3.88336, -0.1756117]","[0.0, -0.0, -0.4161468365471424, 0.9092974268256817]",,
,,,"[True, True, False]",
"[0.04862912, -0.054446638, 0.015241623]","[7.82391, -3.866173, -0.17328814]","[0.0, -0.0, -0.4161468365471424, 0.9092974268256817]",,
"[-0.017920148, -0.014435351, 0.02508545]","[7.83075, -3.8513525, -0.17374448]","[0.0, -0.0, -0.4161468365471424, 0.9092974268256817]",,
,,,"[True, True, False]",
"[-0.0130955, -0.030376256, -0.021287918]","[7.83234, -3.847995, -0.17381512]","[0.0, -0.0, -0.4161468365471424, 0.9092974268256817]",,
,,,"[True, True, False]",
"[0.008585297, 0.021575928, 0.033693314]","[7.831726, -3.849358, -0.17567447]","[0.0, -0.0, -0.4161468365471424, 0.9092974268256817]",,
,,,,"[5.530702689813672e-06, -3.398356021388207e-05]"
,,,"[True, True, False]",
"[-0.0072702095, -0.021619797, -0.008333206]","[7.8313, -3.8503778, -0.17988166]","[0.0, -0.0, -0.4161468365471424, 0.9092974268256817]",,
"[-0.047736447, 0.003660977, -0.012845039]","[7.82214, -3.8702464, -0.1797186]","[0.0, -0.0, -0.4161468365471424, 0.9092974268256817]",,
,,,"[True, True, False]",
"[0.014148772, -0.014309108, 0.026715279]","[7.818146, -3.8788404, -0.18012138]","[0.0, -0.0, -0.4161468365471424, 0.9092974268256817]",,
"[0.0019331239, -0.011514425, -0.012182236]","[7.819885, -3.8750749, -0.17811368]","[0.0, -0.0, -0.4161468365471424, 0.9092974268256817]",,
,,,"[True, True, False]",
"[0.051143125, -0.01448524, -0.006386757]","[7.81073, -3.8946729, -0.1735131]","[0.0, -0.0, -0.4161468365471424, 0.9092974268256817]",,
,,,"[True, True, False]",
"[0.0056434404, 0.021000683, 0.024024963]","[7.8111, -3.8938303, -0.17251228]","[0.0, -0.0, -0.4161468365471424, 0.9092974268256817]",,
"[0.010276919, -0.006694436, -0.0019302368]","[7.80646, -3.9038053, -0.17089842]","[0.0, -0.0, -0.4161468365471424, 0.9092974268256817]",,
,,,"[True, True, False]",
"[-0.043602183, -0.023738265, 0.012283325]","[7.805115, -3.906867, -0.17478162]","[0.0, -0.0, -0.4161468365471424, 0.9092974268256817]",,
"[0.025265593, 0.01712656, -0.0019578934]","[87.8067, -3.9034011, -0.17503498]","[0.0, -0.0, -0.4161468365471424, 0.9092974268256817]",,
"[0.0016325135, -0.019635081, 0.019984245]","[7.809784, -3.8968341, -0.17603816]","[0.0, -0.0, -0.4161468365471424, 0.9092974268256817]",,
,,,"[True, True, False]",
,,,"[True, True, False]",
"[-0.015009709, -0.018189192, -0.025286674]","[7.80737, -3.9019978, -0.17654358]","[0.0, -0.0, -0.4161468365471424, 0.9092974268256817]",,
"[0.0015597958, -0.011870027, -0.004357338]","[7.80481, -3.907529, -0.17557135]","[0.0, -0.0, -0.4161468365471424, 0.9092974268256817]",,
,,,"[True, True, False]",
,,,"[True, True, False]",
,,,"[True, True, False]",
,,,,"[5.534880262683727e-06, -3.395274754431685e-05]"
,,,"[True, True, False]",
,,,"[True, True, False]",
"[0.0043201037, -0.008012235, 0.0030136108]","[87.796265, -3.9261298, -0.17788361]","[0.0, -0.0, -0.4161468365471424, 0.9092974268256817]",,
,,,"[True, True, False]",
,,,"[True, True, False]",
,,,"[True, True, False]",
"[0.033871457, 0.004073739, -0.018730164]","[7.80951, -3.8971305, -0.16996013]","[0.0, -0.0, -0.4161468365471424, 0.9092974268256817]",,
,,,"[True, True, False]",
"[-0.005891338, 0.0015186071, -0.015856743]","[87.80887, -3.8987036, -0.17399442]","[0.0, -0.0, -0.4161468365471424, 0.9092974268256817]",,
"[0.0325683, -0.0031778812, 0.009792328]","[7.81595, -3.8834612, -0.1760435]","[0.0, -0.0, -0.4161468365471424, 0.9092974268256817]",,
,,,"[True, True, False]",
"[-0.0023307782, -0.008903146, -0.0024671555]","[7.8129, -3.8897057, -0.16658683]","[0.0, -0.0, -0.4161468365471424, 0.9092974268256817]",,
"[0.024285318, -0.014018357, -0.026043892]","[7.818726, -3.8772192, -0.16943994]","[0.0, -0.0, -0.4161468365471424, 0.9092974268256817]",,
,,,"[True, True, False]",
"[-0.02429696, 0.010233283, 0.010087013]","[7.81973, -3.874775, -0.16280481]","[0.0, -0.0, -0.4161468365471424, 0.9092974268256817]",,
,,,"[True, True, False]",
"[-0.014045225, -0.01214093, 0.0030508041]","[7.82379, -3.8656895, -0.15310484]","[0.0, -0.0, -0.4161468365471424, 0.9092974268256817]",,
,,,"[True, True, False]",
"[0.011225006, -0.0081143975, -0.0056066513]","[7.822235, -3.8693776, -0.1630347]","[0.0, -0.0, -0.4161468365471424, 0.9092974268256817]",,
,,,,"[5.534868726747284e-06, -3.3907280302947966e-05]"
"[-0.022313584, -0.033303082, -0.005241394]","[7.81821, -3.8780396, -0.16104026]","[0.0, -0.0, -0.4161468365471424, 0.9092974268256817]",,
,,,"[True, True, False]",
"[0.0038310736, 0.03223294, 0.007499695]","[7.80841, -3.8992343, -0.16113248]","[0.0, -0.0, -0.4161468365471424, 0.9092974268256817]",,
"[0.001404006, -0.0033469796, 0.006023407]","[7.80908, -3.8977094, -0.16019098]","[0.0, -0.0, -0.4161468365471424, 0.9092974268256817]",,
,,,"[True, True, False]",
,,,"[True, True, False]",
"[-0.014934842, -0.123411, 0.026712418]","[8.031555, -3.5110602, -0.30284837]","[0.0, -0.0, -0.4161468365471424, 0.9092974268256817]",,
,,,"[True, True, False]",
"[0.030736495, -0.054084063, -0.061610222]","[8.223145, -3.4956183, -0.3218892]","[0.0, -0.0, -0.4161468365471424, 0.9092974268256817]",,
,,,"[True, True, False]",
"[-0.0008877255, 0.016150296, 0.029091835]","[8.27792, -3.5289838, -0.31704235]","[0.0, -0.0, -0.4161468365471424, 0.9092974268256817]",,
,,,"[True, True, False]",
,,,"[True, False, False]",
"[0.034926675, -0.017460346, -0.03374195]","[8.29022, -3.5024405, -0.31721857]","[0.0, -0.0, -0.4161468365471424, 0.9092974268256817]",,
"[0.019574419, 0.009705901, -0.014420509]","[8.29358, -3.4954853, -0.32542667]","[0.0, -0.0, -0.4161468365471424, 0.9092974268256817]",,
,,,"[True, False, False]",
"[0.025625955, -0.023116231, -0.02691555]","[8.30133, -3.478548, -0.3183973]","[0.0, -0.0, -0.4161468365471424, 0.9092974268256817]",,
,,,"[True, False, False]",
,,,"[True, False, False]",
,,,,"[5.402412753270454e-06, -3.397900832230324e-05]"
,,,"[True, False, False]",
"[-0.014124613, 0.029966295, 0.0077409744]","[8.30374, -3.4738677, -0.33637187]","[0.0, -0.0, -0.4161468365471424, 0.9092974268256817]",,
,,,"[True, False, False]",
"[0.0016740188, -0.009711206, 0.04718113]","[8.30588, -3.4695442, -0.34639913]","[0.0, -0.0, -0.4161468365471424, 0.9092974268256817]",,
,,,"[True, False, False]",
,,,"[True, False, False]",
,,,"[True, False, False]",
,,,"[True, False, False]",
,,,"[True, False, False]",
,,,"[True, False, False]",
,,,"[True, False, False]",
,,,"[True, False, False]",
,,,,"[5.126675576341435e-06, -3.417680189197995e-05]"
,,,"[True, False, False]",
,,,"[True, False, False]",
,,,"[True, False, False]",
,,,"[True, False, False]",
,,,"[True, False, False]",
,,,"[True, False, False]",
,,,"[True, False, False]",
,,,"[True, False, False]",
,,,"[True, False, False]",
,,,"[True, False, False]",
,,,,"[5.001786123903431e-06, -3.432941385086859e-05]"
,,,"[True, False, False]",
,,,"[True, False, False]",
,,,"[True, False, False]",
,,,"[True, False, False]",
,,,"[True, False, False]",
,,,"[True, False, False]",
,,,"[True, False, False]",
,,,"[True, False, False]",
,,,"[True, False, False]",
,,,,"[5.001421593410084e-06, -3.460738589449707e-05]"
,,,"[True, False, False]",
,,,"[True, False, False]",
,,,"[True, True, False]",
,,,"[True, True, False]",
